CREATE DATABASE  IF NOT EXISTS `myweb` /*!40100 DEFAULT CHARACTER SET utf8mb4 COLLATE utf8mb4_0900_ai_ci */ /*!80016 DEFAULT ENCRYPTION='N' */;
USE `myweb`;
-- MySQL dump 10.13  Distrib 8.0.18, for Win64 (x86_64)
--
-- Host: 127.0.0.1    Database: myweb
-- ------------------------------------------------------
-- Server version	8.0.18

/*!40101 SET @OLD_CHARACTER_SET_CLIENT=@@CHARACTER_SET_CLIENT */;
/*!40101 SET @OLD_CHARACTER_SET_RESULTS=@@CHARACTER_SET_RESULTS */;
/*!40101 SET @OLD_COLLATION_CONNECTION=@@COLLATION_CONNECTION */;
/*!50503 SET NAMES utf8 */;
/*!40103 SET @OLD_TIME_ZONE=@@TIME_ZONE */;
/*!40103 SET TIME_ZONE='+00:00' */;
/*!40014 SET @OLD_UNIQUE_CHECKS=@@UNIQUE_CHECKS, UNIQUE_CHECKS=0 */;
/*!40014 SET @OLD_FOREIGN_KEY_CHECKS=@@FOREIGN_KEY_CHECKS, FOREIGN_KEY_CHECKS=0 */;
/*!40101 SET @OLD_SQL_MODE=@@SQL_MODE, SQL_MODE='NO_AUTO_VALUE_ON_ZERO' */;
/*!40111 SET @OLD_SQL_NOTES=@@SQL_NOTES, SQL_NOTES=0 */;

--
-- Table structure for table `analysis`
--

DROP TABLE IF EXISTS `analysis`;
/*!40101 SET @saved_cs_client     = @@character_set_client */;
/*!50503 SET character_set_client = utf8mb4 */;
CREATE TABLE `analysis` (
  `id` char(50) NOT NULL,
  `respondent` char(50) DEFAULT NULL,
  `option_id` char(50) DEFAULT NULL,
  `problem_id` char(50) DEFAULT NULL,
  `problem_content` varchar(255) DEFAULT NULL,
  `questionnaire_id` char(50) DEFAULT NULL,
  `project_id` char(50) DEFAULT NULL,
  `answer_time` date DEFAULT NULL,
  `is_del` tinyint(1) NOT NULL DEFAULT '0',
  PRIMARY KEY (`id`)
) ENGINE=InnoDB DEFAULT CHARSET=utf8mb4 COLLATE=utf8mb4_0900_ai_ci;
/*!40101 SET character_set_client = @saved_cs_client */;

--
-- Dumping data for table `analysis`
--

LOCK TABLES `analysis` WRITE;
/*!40000 ALTER TABLE `analysis` DISABLE KEYS */;
INSERT INTO `analysis` VALUES ('077055422e624f14bc7684e198bee3d0','wfz3','49b17621e1fa432f84201f01350b4add','7505c21f7d4d412ab8817092e6f9e522','我要疯了，怎么自我治疗','06944ef0d84a41e1b8ae604daa745f12','283dcf241cf245aea824dc10bbb3d680','2023-06-27',0),('19bad09a142b461a9a383229878584b4','wfz1','1ac0ce65ef5f4753814012794c5224ba','c07feec2c0d14b4bb8d688b2453c017e','你觉得实训难度咋样','06944ef0d84a41e1b8ae604daa745f12','283dcf241cf245aea824dc10bbb3d680','2023-06-27',0),('1c03df3565ea4847b81ff5cf15dd082f','8080','614fba4f16724d2e9b4514b4669eaedf','c301faccd5b64f5d91094a2d1e394db3','啊的撒发生大的','66852d94c89046918d462c4855181312',NULL,'2023-06-27',0),('221b30bce91441d68484dd103475e268','adafa','b843fb9de791447a9ea8fba1719dfbd2','a7df735a779746a6ac178dc80bd75ba3','吾与徐公孰美','66852d94c89046918d462c4855181312','283dcf241cf245aea824dc10bbb3d680','2023-06-26',0),('382464dc23c440c78e8b921158d344bc','8080','b843fb9de791447a9ea8fba1719dfbd2','a7df735a779746a6ac178dc80bd75ba3','吾与徐公孰美','66852d94c89046918d462c4855181312',NULL,'2023-06-27',0),('40314828b08040f787132e0096918fa8','wfz2','646cf7218b9c4cff9e0b4755bf8e7bb4','7505c21f7d4d412ab8817092e6f9e522','我要疯了，怎么自我治疗','06944ef0d84a41e1b8ae604daa745f12','283dcf241cf245aea824dc10bbb3d680','2023-06-27',0),('648bf1069ad945c6b8fb2a9920726121','adafa','5ce05024fd5445a69c5d06999bd4f29d','c301faccd5b64f5d91094a2d1e394db3','啊的撒发生大的','66852d94c89046918d462c4855181312','283dcf241cf245aea824dc10bbb3d680','2023-06-26',0),('6ddc6c794266497d9b960f1382ba785e','jkhkukj','b843fb9de791447a9ea8fba1719dfbd2','a7df735a779746a6ac178dc80bd75ba3','吾与徐公孰美','66852d94c89046918d462c4855181312',NULL,'2023-06-27',0),('7026703d92a34c86968b985cdac93393','wfz3','d9df27c37b8b40c598d712c0472e2420','c07feec2c0d14b4bb8d688b2453c017e','你觉得实训难度咋样','06944ef0d84a41e1b8ae604daa745f12','283dcf241cf245aea824dc10bbb3d680','2023-06-27',0),('7e37b5654bb6407b9122dc1dc1da2123','wfz1','2ce9063c06534ba48f814df15fc36164','7505c21f7d4d412ab8817092e6f9e522','我要疯了，怎么自我治疗','06944ef0d84a41e1b8ae604daa745f12','283dcf241cf245aea824dc10bbb3d680','2023-06-27',0),('81c441bfb7a34d76bc1be97eb89b7f6d','wfz2','02432854a5de48be8e5734a639906e21','7505c21f7d4d412ab8817092e6f9e522','我要疯了，怎么自我治疗','06944ef0d84a41e1b8ae604daa745f12','283dcf241cf245aea824dc10bbb3d680','2023-06-27',0),('971af4a1990d4a3bb8339f0505368ee3','wfz1','b881ec929b9b4aafab48a965bf27b817','7505c21f7d4d412ab8817092e6f9e522','我要疯了，怎么自我治疗','06944ef0d84a41e1b8ae604daa745f12','283dcf241cf245aea824dc10bbb3d680','2023-06-27',0),('b2be3d370cc049a994e6d2982f7c8352','adafa','69c96613b2334f6fb3aa16da11d0d2fa','c301faccd5b64f5d91094a2d1e394db3','啊的撒发生大的','66852d94c89046918d462c4855181312','283dcf241cf245aea824dc10bbb3d680','2023-06-26',0),('be851fe6eee5482594564a712728e0ed','adafa','614fba4f16724d2e9b4514b4669eaedf','c301faccd5b64f5d91094a2d1e394db3','啊的撒发生大的','66852d94c89046918d462c4855181312','283dcf241cf245aea824dc10bbb3d680','2023-06-26',0),('e899699887d943379ab388593bf994f8','jkhkukj','5ce05024fd5445a69c5d06999bd4f29d','c301faccd5b64f5d91094a2d1e394db3','啊的撒发生大的','66852d94c89046918d462c4855181312',NULL,'2023-06-27',0),('eb2060aebb2e4dbdbbaf4d9e06ecde60','wfz2','fa1a10f4c5094c5ca933866ba667e979','c07feec2c0d14b4bb8d688b2453c017e','你觉得实训难度咋样','06944ef0d84a41e1b8ae604daa745f12','283dcf241cf245aea824dc10bbb3d680','2023-06-27',0);
/*!40000 ALTER TABLE `analysis` ENABLE KEYS */;
UNLOCK TABLES;

--
-- Table structure for table `choose_term`
--

DROP TABLE IF EXISTS `choose_term`;
/*!40101 SET @saved_cs_client     = @@character_set_client */;
/*!50503 SET character_set_client = utf8mb4 */;
CREATE TABLE `choose_term` (
  `id` varchar(200) NOT NULL,
  `problem_id` varchar(200) NOT NULL,
  `choose_term` text,
  `fraction` int(11) DEFAULT NULL,
  PRIMARY KEY (`id`)
) ENGINE=InnoDB DEFAULT CHARSET=utf8mb4 COLLATE=utf8mb4_0900_ai_ci COMMENT='选项';
/*!40101 SET character_set_client = @saved_cs_client */;

--
-- Dumping data for table `choose_term`
--

LOCK TABLES `choose_term` WRITE;
/*!40000 ALTER TABLE `choose_term` DISABLE KEYS */;
INSERT INTO `choose_term` VALUES ('02432854a5de48be8e5734a639906e21','7505c21f7d4d412ab8817092e6f9e522','认真搞吧，最后一大块了',NULL),('16106845ca6a4ef2889617e96f670887','2310f5a741024b89bbd646866c270b5a','32321',11),('1ab1747a0dc343cc8a22191e3729ed28','9b00979badb24fd2ba5f955abf3f00dd','1221',NULL),('1ac0ce65ef5f4753814012794c5224ba','c07feec2c0d14b4bb8d688b2453c017e','二星',NULL),('201c35c9fd314f9482d4ef186a0b2c8a','a7df735a779746a6ac178dc80bd75ba3','徐公',NULL),('2b0f4ea5c35a447dbf48ec4aa09287ce','b617d7eeb36d4f91a61ff9f3f03b7052','1',NULL),('2ce9063c06534ba48f814df15fc36164','7505c21f7d4d412ab8817092e6f9e522','开摆吧，放弃治疗',NULL),('2d8648d017d84f0c95438fda606472a9','4c54688346224640ba78add17ea44b7d','AAA',NULL),('2dd52ccc9f5a404bbff41be97e55247b','f78c3c87284a44b58263fd19e35f3b08','aaa',NULL),('2f26afbfef3b4f3f9b880ac6585e1313','5773c483115f47cd9f6dd79db5993a6e','1212',111),('3ad502399a8c408f8d85acf266ec32b5','ed62b6faf1cb4fa986541d5eec5254c7','222',NULL),('3b22b246db0f4bd9b1a8215992e72db6','d554d08c33d24b8cb70af769d7938684','1',NULL),('3e97b2245d264cc6b485926f5b113f73','c45903200cc040c4a8661b0cdfa19fca','321',NULL),('414aa096ecd249c6974d38cb31e7a099','3742649ca3a94db3a83106cff19a8e88','1221',NULL),('43afa81f280e49ff8ea6bdbeba5e5846','2fde685e3ebb47af9dcdee53b00cc03c','啊实打',22),('471a2a3018b04388bb253855527fbbcd','e8c4de49837a42e686f501b95130c52e',' 多选 多选 多选',NULL),('49b17621e1fa432f84201f01350b4add','7505c21f7d4d412ab8817092e6f9e522','要不换题吧，怨种',NULL),('5332ff18654b447b81bec420dde4f2a9','b09be08eb1b546e2958c1e573e08eacf','AAA',NULL),('5ce05024fd5445a69c5d06999bd4f29d','c301faccd5b64f5d91094a2d1e394db3','143',NULL),('614fba4f16724d2e9b4514b4669eaedf','c301faccd5b64f5d91094a2d1e394db3','435',NULL),('646cf7218b9c4cff9e0b4755bf8e7bb4','7505c21f7d4d412ab8817092e6f9e522','呜呜呜',NULL),('67b53d9e5f11497b8b30e5a2d53d672e','d554d08c33d24b8cb70af769d7938684','111',NULL),('6998234ef2e740fdb66b71786d7635ef','b5861ec5d53940e1bee58f86f9d67c57',NULL,NULL),('69c96613b2334f6fb3aa16da11d0d2fa','c301faccd5b64f5d91094a2d1e394db3','234',NULL),('6e282693cb614fee9a5fb32b7ecd7aa9','9b00979badb24fd2ba5f955abf3f00dd','11',NULL),('73c6c263d8174e6eaf742a0a57b9f437','f78c3c87284a44b58263fd19e35f3b08','ccc',NULL),('7b925a49bcf547efa0650b5ec1ba3596','b617d7eeb36d4f91a61ff9f3f03b7052','1',NULL),('7e99b893d2a842f1b7fa93a6da655544','c301faccd5b64f5d91094a2d1e394db3','erw',NULL),('896561558a984a3fa3c15b8725509d3a','4deb62f3e477461ca3f7f0e8e5785992','A',NULL),('8f2962d81eca4a98a35eaf10d7c07d30','998965fe770942b68637f058452a5b6d','啊实打',121),('9533aa69f79a4d69a069e7bf3bb2bb16','c40e361709134e6daeb7d291011f2e10',NULL,NULL),('98fdf1ae730c4033ad23cbf1ad355147','f78c3c87284a44b58263fd19e35f3b08','bbb',NULL),('a1d4e8aaab2c4625882d95428639bc0e','c45903200cc040c4a8661b0cdfa19fca','213',NULL),('a5a2cea8e90d4d1a8b7a0c3088b58e0f','e8c4de49837a42e686f501b95130c52e',' 多选',NULL),('accfe3fe79bd45a8803e3cfde4835314','4deb62f3e477461ca3f7f0e8e5785992','VV',NULL),('b272fd2716504edc8ff6a552a6a40b68','34043787d4e544f398ced8cc32bb7bf5','213',NULL),('b843fb9de791447a9ea8fba1719dfbd2','a7df735a779746a6ac178dc80bd75ba3','王方舟',NULL),('b881ec929b9b4aafab48a965bf27b817','7505c21f7d4d412ab8817092e6f9e522','东大信息楼，一跃解千愁',NULL),('bd34b7e13eac474ba0afcc32d54b88e1','ad4b86e90ac34264810f761705c9ba2e','AAA',NULL),('bedb3e80dd5d415c8b3c530e03fed20e','3742649ca3a94db3a83106cff19a8e88','11',NULL),('bf13c6fdd0a844789d94c4e8ddaa1c8f','2310f5a741024b89bbd646866c270b5a','asda',1221),('c3051c1f82304a25823ed4065ecacf87','c07feec2c0d14b4bb8d688b2453c017e','一星',NULL),('c8a528915aec4243bc3697e65a8a8b0d','5773c483115f47cd9f6dd79db5993a6e','32321',11),('cb5206e782884303a7e12ec48b94b097','b617d7eeb36d4f91a61ff9f3f03b7052','1',NULL),('d06b4396d6614753a4312e0b83ce9f95','5abc070035144e56a268b45aff760267','213',NULL),('d09581f80d124e34982be513926f8db4','4c54688346224640ba78add17ea44b7d','AAA',NULL),('d1ff88cc05114d4b82d3af1b0c02ccbe','c062f9e5d41547a7994d4b0014770acc','aaa',NULL),('d20a65dff5924cd1badb36160fdd196f','4deb62f3e477461ca3f7f0e8e5785992','B',NULL),('d2c535cd497b46ffa79ef9c605970b3c','d554d08c33d24b8cb70af769d7938684','12',NULL),('d3684cce1ca442188d7f2873cbd8eef0','b09be08eb1b546e2958c1e573e08eacf','AAA',NULL),('d38c1275dfee462eb4e3c53527fa0b77','2fde685e3ebb47af9dcdee53b00cc03c','啊实打实',1),('d41251107391456293d0d2a7f38ec1bd','34043787d4e544f398ced8cc32bb7bf5','231',NULL),('d690e0e6188b438189bc5fc897952472','5773c483115f47cd9f6dd79db5993a6e','asda',1221),('d740d05e61bd40abb6d5791096b56f30','2310f5a741024b89bbd646866c270b5a','1212',111),('d8cde6384ed8436898f01d496189c075','998965fe770942b68637f058452a5b6d','啊实打',12),('d9df27c37b8b40c598d712c0472e2420','c07feec2c0d14b4bb8d688b2453c017e','四星',NULL),('db8f10c605b74efdaaee6cb2133b0451','322d9bdfb9494365aa4c6ad44278505d',NULL,NULL),('dc778fc0190b4a11b546273efe659b54','3a25590e47904efd993d246870dc0726','134',NULL),('dc7868349daf48ad8e7b93ecebff0dab','c062f9e5d41547a7994d4b0014770acc','哈哈',NULL),('de2f553a227e4be59d2eafbfac3014eb','3a25590e47904efd993d246870dc0726','1243',NULL),('df7ca52f09c641c1b2cfa2fa54db9fa8','e672a531ce9a460694a7b989044875a6',NULL,NULL),('e17e2cdd70d544c0844389757d103bac','7e27bc7237e445a882ec3c9075ab1f41','AAA',NULL),('e1d3e22a74364fb2b5ece95ee4ba6a21','617083b3a73040899c6fc55c7e3e7497','阿斯蒂芬',100),('e7eee24b900b4026adc80c76e909caea','938419f187a34ed7b82d7032303682e0','1234',NULL),('e90fd39362454d81bc3cdbaceffb0168','c07feec2c0d14b4bb8d688b2453c017e','三星',NULL),('ec43062f991547e5b558f77669a24cd3','5abc070035144e56a268b45aff760267','231',NULL),('f26891cca12049fbadff035fe25e21e2','d4e67453df4b4798929af4af5a11dc2c','213',NULL),('f48de950c5bf4ad7a0ff8c066f85d7a0','7e27bc7237e445a882ec3c9075ab1f41','AAA',NULL),('f5b753da94214354b2eece0ddb9cb623','09fc0c48ab3243e5a58a1a77a1170c41',NULL,NULL),('f8d219107f1d492f8869c0de509c0eab','ad4b86e90ac34264810f761705c9ba2e','AAA',NULL),('fa1a10f4c5094c5ca933866ba667e979','c07feec2c0d14b4bb8d688b2453c017e','五星',NULL),('faf6a34ea28044e7926fcc06afa90d04','d4e67453df4b4798929af4af5a11dc2c','321',NULL),('fdeef16df679452bbbdc8217bd3b28f0','ed62b6faf1cb4fa986541d5eec5254c7','1111',NULL);
/*!40000 ALTER TABLE `choose_term` ENABLE KEYS */;
UNLOCK TABLES;

--
-- Table structure for table `problem`
--

DROP TABLE IF EXISTS `problem`;
/*!40101 SET @saved_cs_client     = @@character_set_client */;
/*!50503 SET character_set_client = utf8mb4 */;
CREATE TABLE `problem` (
  `id` varchar(200) NOT NULL,
  `questionnaire_id` varchar(200) DEFAULT NULL,
  `problem_name` text,
  `must_answer` tinyint(4) DEFAULT NULL,
  `problem_type` int(11) DEFAULT NULL,
  `left_title` text,
  PRIMARY KEY (`id`)
) ENGINE=InnoDB DEFAULT CHARSET=utf8mb4 COLLATE=utf8mb4_0900_ai_ci COMMENT='题目表';
/*!40101 SET character_set_client = @saved_cs_client */;

--
-- Dumping data for table `problem`
--

LOCK TABLES `problem` WRITE;
/*!40000 ALTER TABLE `problem` DISABLE KEYS */;
INSERT INTO `problem` VALUES ('05e97d3bc49a492c9640787829ee8b88','f2b0a5c070834807a8ed3020b9a58f91','你觉得实训难度咋样？',1,1,NULL),('09870c0a6a1b43519e2adb2fe449affd','ca5e6a41ea76481e85622d0addc1ca8c','吾与徐公孰美',1,1,NULL),('09fc0c48ab3243e5a58a1a77a1170c41','e16264f020214f3ca650feb5d6e36dfd','q5',1,3,NULL),('1847df4b7b3d4630895f15c5610e7aa0','24a41aaa1ecc4bfeadc96bfa121306e3','123',1,1,NULL),('2310f5a741024b89bbd646866c270b5a','e16264f020214f3ca650feb5d6e36dfd','q5',1,5,NULL),('255388c79acb41d7a994eb18fcf625ac','87b650ca27ca46ca911d163e7472bd37','yrytjujru',1,2,NULL),('258c3885606e42beac382345417ea344','f2b0a5c070834807a8ed3020b9a58f91','你觉得实训难度咋样？',1,1,NULL),('322d9bdfb9494365aa4c6ad44278505d','66852d94c89046918d462c4855181312','王方舟的日常',1,4,'王方舟每天自恋的次数'),('32ff38716c80402ebf154e753260bf2d','ca5e6a41ea76481e85622d0addc1ca8c','魔镜魔镜，谁是世界上最美丽的人？',1,3,NULL),('34043787d4e544f398ced8cc32bb7bf5','e16264f020214f3ca650feb5d6e36dfd','q5',1,2,NULL),('3742649ca3a94db3a83106cff19a8e88','e16264f020214f3ca650feb5d6e36dfd','q5',1,1,NULL),('3930f481728d465586947825e385e183','80e16049afd14684862e7024a77b3036','ABABA（单选）',1,3,NULL),('3a25590e47904efd993d246870dc0726','cd7c31a85db34a19867c0e6fb60e49e7','132',1,2,NULL),('43ea5b01bcbf4b17aa9340526e80c5fc','80e16049afd14684862e7024a77b3036','ABABA（单选）',1,4,'ABABA（单选）'),('5773c483115f47cd9f6dd79db5993a6e','e16264f020214f3ca650feb5d6e36dfd','q5',1,5,NULL),('5abc070035144e56a268b45aff760267','e16264f020214f3ca650feb5d6e36dfd','q5',1,2,NULL),('5dd27e6fc7304b8ba120df0a331e77c9','ca5e6a41ea76481e85622d0addc1ca8c','为我的颜值打分',1,2,NULL),('617083b3a73040899c6fc55c7e3e7497','66852d94c89046918d462c4855181312','啊但是发射点',1,5,NULL),('61d5ca7b4da24caf810082c8ce07fab0','f2b0a5c070834807a8ed3020b9a58f91','你觉得实训难度咋样？',1,1,NULL),('6541300d650e4b25a2f1fe20e4cc1426','3a7b8719f80f423394486734ba2b2d5e','41234344444444444444444412341234',1,2,NULL),('7505c21f7d4d412ab8817092e6f9e522','06944ef0d84a41e1b8ae604daa745f12','我要疯了，怎么自我治疗',1,2,NULL),('7b12afe7b92d478eaef85705e6935ffc','80e16049afd14684862e7024a77b3036','ABABA（单选）',1,1,NULL),('938419f187a34ed7b82d7032303682e0','cd7c31a85db34a19867c0e6fb60e49e7','123',1,1,NULL),('9b00979badb24fd2ba5f955abf3f00dd','e16264f020214f3ca650feb5d6e36dfd','q5',1,1,NULL),('a7df735a779746a6ac178dc80bd75ba3','66852d94c89046918d462c4855181312','吾与徐公孰美',1,1,NULL),('b55d1237763c485ca78b2466e92316c1','80e16049afd14684862e7024a77b3036','ABABA（单选）',1,5,NULL),('b5861ec5d53940e1bee58f86f9d67c57','e16264f020214f3ca650feb5d6e36dfd','q5',1,3,NULL),('c062f9e5d41547a7994d4b0014770acc','c6f6715de2144ece853a882c86b810a0','你是谁',1,1,NULL),('c07feec2c0d14b4bb8d688b2453c017e','06944ef0d84a41e1b8ae604daa745f12','你觉得实训难度咋样',1,1,NULL),('c301faccd5b64f5d91094a2d1e394db3','66852d94c89046918d462c4855181312','啊的撒发生大的',1,2,NULL),('c40e361709134e6daeb7d291011f2e10','66852d94c89046918d462c4855181312','魔镜魔镜，谁是世界上最美丽的人？',1,3,NULL),('c45903200cc040c4a8661b0cdfa19fca','e16264f020214f3ca650feb5d6e36dfd','q5',1,4,NULL),('c7a87eccdb5f4148bee0632649f5ece3','f2b0a5c070834807a8ed3020b9a58f91','你觉得实训难度咋样？',1,1,NULL),('cc48f474874447cb949efb3014021b81','f2b0a5c070834807a8ed3020b9a58f91','你觉得实训难度咋样？',1,1,NULL),('cdbc098e094c45aeb7616b3eebb09864','f2b0a5c070834807a8ed3020b9a58f91','你觉得实训难度咋样？',1,1,NULL),('d4e67453df4b4798929af4af5a11dc2c','e16264f020214f3ca650feb5d6e36dfd','q5',1,4,NULL),('d70377a825184ae889615453e587b59a','3a7b8719f80f423394486734ba2b2d5e','1111111111111',1,1,NULL),('d848000547d142e78a50655d9160b1e8','ca5e6a41ea76481e85622d0addc1ca8c','王方舟的日常',1,4,'王方舟每天自恋的次数'),('e3cff2e3ab724f14bd139558eb1ea529','f2b0a5c070834807a8ed3020b9a58f91','你觉得实训难度咋样？',1,1,NULL),('e94db142cd07453888d5832f3273850f','f2b0a5c070834807a8ed3020b9a58f91','你觉得实训难度咋样？',1,1,NULL),('f66defa6cd8f4d01a79146033427645f','80e16049afd14684862e7024a77b3036','ABABA（多选）',1,2,NULL),('f78c3c87284a44b58263fd19e35f3b08','b2379ed44ee34a64831e999b1d09e48e','q3',1,4,NULL),('f9a9a7aab9de4103b32d13324ecc42b7','f2b0a5c070834807a8ed3020b9a58f91','你觉得实训难度咋样？',1,1,NULL),('ff16d47f42b846b4b9cdf5313f06fa93','87b650ca27ca46ca911d163e7472bd37','fdgerth',1,1,NULL);
/*!40000 ALTER TABLE `problem` ENABLE KEYS */;
UNLOCK TABLES;

--
-- Table structure for table `project_info`
--

DROP TABLE IF EXISTS `project_info`;
/*!40101 SET @saved_cs_client     = @@character_set_client */;
/*!50503 SET character_set_client = utf8mb4 */;
CREATE TABLE `project_info` (
  `id` varchar(50) NOT NULL COMMENT '项目表主键',
  `user_id` varchar(50) DEFAULT NULL COMMENT '用户id（没有用）',
  `project_name` varchar(100) DEFAULT NULL COMMENT '项目名称',
  `project_content` text COMMENT '项目说明',
  `created_by` char(32) DEFAULT NULL COMMENT '创建人',
  `creation_date` datetime DEFAULT NULL COMMENT '创建时间',
  `last_updated_by` char(32) DEFAULT NULL COMMENT '最后修改人',
  `last_update_date` datetime DEFAULT NULL COMMENT '最后修改时间',
  PRIMARY KEY (`id`) USING BTREE
) ENGINE=InnoDB DEFAULT CHARSET=utf8 ROW_FORMAT=COMPACT;
/*!40101 SET character_set_client = @saved_cs_client */;

--
-- Dumping data for table `project_info`
--

LOCK TABLES `project_info` WRITE;
/*!40000 ALTER TABLE `project_info` DISABLE KEYS */;
INSERT INTO `project_info` VALUES ('283dcf241cf245aea824dc10bbb3d680','8ceeee2995f3459ba1955f85245dc7a5','项目一','项目一描述','admin','2020-09-23 20:27:42','admin','2020-09-23 20:27:59'),('47bbb1a10a4d4dd9b1e636b3dcbd0fb2','8ceeee2995f3459ba1955f85245dc7a5','项目二','项目二描述','admin','2020-09-23 20:27:42','admin','2020-09-23 20:27:42'),('48ddb8b1231a4e07878fb742ca86b3c7',NULL,'1231','123131231','admin',NULL,NULL,NULL),('4cd6ccb65c894eafaa70b12330f8c2f8','8ceeee2995f3459ba1955f85245dc7a5','项目三','项目三描述','admin','2020-09-27 16:23:20','admin','2020-09-27 16:23:20'),('55c75617f46a4211933cb72e8e0f999e',NULL,'b','b','admin',NULL,NULL,NULL),('5dc97f1fb00247418829e8a9d3201f8e','8ceeee2995f3459ba1955f85245dc7a5','ProjectN','Description','admin','2020-09-27 16:23:20','admin','2020-09-27 16:23:20'),('91c55cb73b354c808a17a03303ccd448','8ceeee2995f3459ba1955f85245dc7a5','项目四','项目四描述','admin','2020-09-23 20:27:42','admin','2020-09-23 20:27:42'),('bfee0c9f3ec545c0af6cc0c120654123','8ceeee2995f3459ba1955f85245dc7a5','项目五','项目五描述','admin','2020-09-23 20:27:42','admin','2020-09-23 20:27:42'),('e299a84728454023aecb9ab8ebb26271',NULL,'c','c','admin',NULL,NULL,NULL),('e94d2a469c8042a39ad80c7faf2b3d28',NULL,'a','a','admin',NULL,NULL,NULL);
/*!40000 ALTER TABLE `project_info` ENABLE KEYS */;
UNLOCK TABLES;

--
-- Table structure for table `questionnaire_info`
--

DROP TABLE IF EXISTS `questionnaire_info`;
/*!40101 SET @saved_cs_client     = @@character_set_client */;
/*!50503 SET character_set_client = utf8mb4 */;
CREATE TABLE `questionnaire_info` (
  `id` varchar(200) NOT NULL,
  `project_id` varchar(200) NOT NULL,
  `questionnaire_name` varchar(200) NOT NULL,
  `description` text,
  `type` varchar(200) DEFAULT NULL,
  `start_time` datetime DEFAULT CURRENT_TIMESTAMP,
  `stop_time` datetime DEFAULT CURRENT_TIMESTAMP,
  `is_del` tinyint(4) DEFAULT '0',
  PRIMARY KEY (`id`)
) ENGINE=InnoDB DEFAULT CHARSET=utf8mb4 COLLATE=utf8mb4_0900_ai_ci COMMENT='问卷信息表';
/*!40101 SET character_set_client = @saved_cs_client */;

--
-- Dumping data for table `questionnaire_info`
--

LOCK TABLES `questionnaire_info` WRITE;
/*!40000 ALTER TABLE `questionnaire_info` DISABLE KEYS */;
INSERT INTO `questionnaire_info` VALUES ('06944ef0d84a41e1b8ae604daa745f12','283dcf241cf245aea824dc10bbb3d680','实训好难难','啊啊啊啊啊，要疯啦，哈哈哈哈哈','student','2023-06-27 08:06:00','2023-06-30 00:00:00',0),('24a41aaa1ecc4bfeadc96bfa121306e3','283dcf241cf245aea824dc10bbb3d680','77','123','student','2023-06-24 08:06:00','2023-06-30 00:00:00',1),('29679501168d45d0828173975e665db8','47bbb1a10a4d4dd9b1e636b3dcbd0fb2','哎呀哎呀烦死啦','好难难啊啊啊啊啊啊啊啊','teacher','2023-05-21 08:06:00','2023-06-30 00:00:00',1),('3a7b8719f80f423394486734ba2b2d5e','e94d2a469c8042a39ad80c7faf2b3d28','123','123','student','2023-01-24 08:06:00','2023-06-30 00:00:00',0),('59a82d937b58401b802063fdca231999','283dcf241cf245aea824dc10bbb3d680','q1','11111','student','2023-01-24 08:06:00','2023-01-27 08:06:00',1),('66852d94c89046918d462c4855181312','283dcf241cf245aea824dc10bbb3d680','王方舟帅吗','丑比丑比丑比丑比丑比','teacher','2023-01-24 08:06:00','2023-06-29 00:00:00',0),('80e16049afd14684862e7024a77b3036','283dcf241cf245aea824dc10bbb3d680','ABABA','ABABA','teacher','2023-01-24 08:06:00','2023-06-30 00:00:00',0),('87b650ca27ca46ca911d163e7472bd37','283dcf241cf245aea824dc10bbb3d680','kkk','kkkkkkkkkkk','student','2023-01-24 08:06:00','2023-06-29 00:00:00',1),('8d6b0e6c4bf2466fb2758e834e4f3671','283dcf241cf245aea824dc10bbb3d680','q2','22222','student','2023-06-21 08:06:00','2023-01-27 08:06:00',0),('b2379ed44ee34a64831e999b1d09e48e','283dcf241cf245aea824dc10bbb3d680','q3','33333','student','2023-06-19 08:06:00','2023-01-27 08:06:00',0),('c6f6715de2144ece853a882c86b810a0','48ddb8b1231a4e07878fb742ca86b3c7','q4','44444','teacher','2023-06-22 08:06:00','2023-01-27 08:06:00',0),('ca5e6a41ea76481e85622d0addc1ca8c','283dcf241cf245aea824dc10bbb3d680','王方舟帅吗','丑比丑比丑比','teacher','2023-01-24 08:06:00','2023-06-29 00:00:00',1),('cd7c31a85db34a19867c0e6fb60e49e7','283dcf241cf245aea824dc10bbb3d680','王方舟帅吗','sddasfS','student','2023-01-24 08:06:00','2023-06-30 00:00:00',1),('e16264f020214f3ca650feb5d6e36dfd','283dcf241cf245aea824dc10bbb3d680','q5','55555','teacher','2023-01-24 08:06:00','2023-01-27 08:06:00',0),('f2b0a5c070834807a8ed3020b9a58f91','283dcf241cf245aea824dc10bbb3d680','实训好难难','啊啊啊啊啊啊，要疯啦，哈哈哈哈哈','student','2023-01-24 08:06:00','2023-06-30 00:00:00',1);
/*!40000 ALTER TABLE `questionnaire_info` ENABLE KEYS */;
UNLOCK TABLES;

--
-- Table structure for table `record`
--

DROP TABLE IF EXISTS `record`;
/*!40101 SET @saved_cs_client     = @@character_set_client */;
/*!50503 SET character_set_client = utf8mb4 */;
CREATE TABLE `record` (
  `id` varchar(200) NOT NULL,
  `project_id` varchar(200) DEFAULT NULL,
  `questionnaire_name` text,
  `respondent` varchar(200) DEFAULT NULL COMMENT '答题者姓名',
  `content` longtext,
  `answer_time` datetime DEFAULT CURRENT_TIMESTAMP,
  PRIMARY KEY (`id`)
) ENGINE=InnoDB DEFAULT CHARSET=utf8mb4 COLLATE=utf8mb4_0900_ai_ci COMMENT='答题记录';
/*!40101 SET character_set_client = @saved_cs_client */;

--
-- Dumping data for table `record`
--

LOCK TABLES `record` WRITE;
/*!40000 ALTER TABLE `record` DISABLE KEYS */;
INSERT INTO `record` VALUES ('0c14d9d9b7064ff7b8a817c6fd8f4a87','283dcf241cf245aea824dc10bbb3d680','问卷标题:王方舟帅吗','wfz','<div class=\"question\" id=\"question0 \" data-type=\"1\" data-problemindex=\"1\"><div class=\"top\"><span class=\"question-title\" id=\"questionTitle\">1、王方舟的日常(矩阵题)</span><span class=\"must-answer\" id=\"mustAnswer\"> 必答题 </span></div><div class=\"bottom\">  <table class=\"table\"> <thead><tr><th>   </th><th>0</th></tr></thead><tbody><tr><td>王方舟每天自恋的次数</td><td><input type=\"radio\" name=\"chooseTerm王方舟的日常\" disabled=\"\" checked=\"checked\"></td></tr></tbody></table></div></div><div class=\"question\" id=\"question1\" data-type=\"1\" data-problemindex=\"2\"><div class=\"top\"><span class=\"question-title\" id=\"questionTitle\">2、啊但是发射点(量表题)</span><span class=\"must-answer\" id=\"mustAnswer\"> 必答题 </span></div><div classname=\"bottom\" style=\"display: flex; align-items: center; justify-content: space-between;\"> <label classname=\"radio-inline\" style=\"padding-left:150px;\">    <input type=\"radio\" name=\"fraction啊但是发射点\" disabled=\"\" checked=\"checked\">  100  </label></div></div><div class=\"question\" id=\"question2\" data-type=\"1\" data-problemindex=\"3\"><div class=\"top\"><span class=\"question-title\" id=\"questionTitle\">3、吾与徐公孰美(单选题)</span><span class=\"must-answer\" id=\"mustAnswer\"> 必答题 </span></div><div class=\"bottom\"><div style=\"display: flex; align-items: center; margin-bottom: 3px;\"><label class=\"radio-inline\"><input type=\"radio\" value=\"${item.id}\" name=\"chooseTerm吾与徐公孰美\" disabled=\"\" checked=\"checked\">徐公</label></div><div style=\"display: flex; align-items: center; margin-bottom: 3px;\"><label class=\"radio-inline\"><input type=\"radio\" value=\"${item.id}\" name=\"chooseTerm吾与徐公孰美\" disabled=\"\">王方舟</label></div> </div></div><div class=\"question\" id=\"question3\" data-type=\"1\" data-problemindex=\"4\"><div class=\"top\"><span class=\"question-title\" id=\"questionTitle\">4、啊的撒发生大的(多选题)</span><span class=\"must-answer\" id=\"mustAnswer\"> 必答题 </span></div><div class=\"bottom\"><div style=\"display: flex; align-items: center; margin-bottom: 3px;\"><label class=\"checkbox-inline\"><input type=\"checkbox\" value=\"${item.id}\" \"name=\"chooseTerm啊的撒发生大的\" disabled=\"\" checked=\"checked\">143</label></div><div style=\"display: flex; align-items: center; margin-bottom: 3px;\"><label class=\"checkbox-inline\"><input type=\"checkbox\" value=\"${item.id}\" \"name=\"chooseTerm啊的撒发生大的\" disabled=\"\" checked=\"checked\">435</label></div><div style=\"display: flex; align-items: center; margin-bottom: 3px;\"><label class=\"checkbox-inline\"><input type=\"checkbox\" value=\"${item.id}\" \"name=\"chooseTerm啊的撒发生大的\" disabled=\"\">234</label></div><div style=\"display: flex; align-items: center; margin-bottom: 3px;\"><label class=\"checkbox-inline\"><input type=\"checkbox\" value=\"${item.id}\" \"name=\"chooseTerm啊的撒发生大的\" disabled=\"\">erw</label></div> </div></div><div class=\"question\" id=\"question4 \" data-type=\"1\" data-problemindex=\"5\"><div class=\"top\"><span class=\"question-title\" id=\"questionTitle\">5、魔镜魔镜，谁是世界上最美丽的人？(填空题)</span><span class=\"must-answer\" id=\"mustAnswer\"> 必答题 </span></div><div class=\"bottom\"><textarea class=\"form-control魔镜魔镜，谁是世界上最美丽的人？\" placeholder=\"31313\" rows=\"4\" style=\"width: 70%;\" disabled=\"\"></textarea></div></div>','2023-06-26 19:14:29'),('169effde486d43fa9090df4d69731bd1','283dcf241cf245aea824dc10bbb3d680','问卷标题:实训好难难','wfz1','<div class=\"question\" id=\"question0\" data-type=\"1\" data-problemindex=\"1\"><div class=\"top\"><span class=\"question-title\" id=\"questionTitle\">1、我要疯了，怎么自我治疗(多选题)</span><span class=\"must-answer\" id=\"mustAnswer\"> 必答题 </span></div><div class=\"bottom\"><div style=\"display: flex; align-items: center; margin-bottom: 3px;\"><label class=\"checkbox-inline\"><input type=\"checkbox\" value=\"02432854a5de48be8e5734a639906e21\" name=\"chooseTerm我要疯了，怎么自我治疗\" disabled=\"\">认真搞吧，最后一大块了</label></div><div style=\"display: flex; align-items: center; margin-bottom: 3px;\"><label class=\"checkbox-inline\"><input type=\"checkbox\" value=\"2ce9063c06534ba48f814df15fc36164\" name=\"chooseTerm我要疯了，怎么自我治疗\" disabled=\"\" checked=\"checked\">开摆吧，放弃治疗</label></div><div style=\"display: flex; align-items: center; margin-bottom: 3px;\"><label class=\"checkbox-inline\"><input type=\"checkbox\" value=\"49b17621e1fa432f84201f01350b4add\" name=\"chooseTerm我要疯了，怎么自我治疗\" disabled=\"\">要不换题吧，怨种</label></div><div style=\"display: flex; align-items: center; margin-bottom: 3px;\"><label class=\"checkbox-inline\"><input type=\"checkbox\" value=\"646cf7218b9c4cff9e0b4755bf8e7bb4\" name=\"chooseTerm我要疯了，怎么自我治疗\" disabled=\"\">呜呜呜</label></div><div style=\"display: flex; align-items: center; margin-bottom: 3px;\"><label class=\"checkbox-inline\"><input type=\"checkbox\" value=\"b881ec929b9b4aafab48a965bf27b817\" name=\"chooseTerm我要疯了，怎么自我治疗\" disabled=\"\" checked=\"checked\">东大信息楼，一跃解千愁</label></div> </div></div><div class=\"question\" id=\"question1\" data-type=\"1\" data-problemindex=\"2\"><div class=\"top\"><span class=\"question-title\" id=\"questionTitle\">2、你觉得实训难度咋样(单选题)</span><span class=\"must-answer\" id=\"mustAnswer\"> 必答题 </span></div><div class=\"bottom\"><div style=\"display: flex; align-items: center; margin-bottom: 3px;\"><label class=\"radio-inline\"><input type=\"radio\" value=\"1ac0ce65ef5f4753814012794c5224ba\" name=\"chooseTerm你觉得实训难度咋样\" disabled=\"\" checked=\"checked\">二星</label></div><div style=\"display: flex; align-items: center; margin-bottom: 3px;\"><label class=\"radio-inline\"><input type=\"radio\" value=\"c3051c1f82304a25823ed4065ecacf87\" name=\"chooseTerm你觉得实训难度咋样\" disabled=\"\">一星</label></div><div style=\"display: flex; align-items: center; margin-bottom: 3px;\"><label class=\"radio-inline\"><input type=\"radio\" value=\"d9df27c37b8b40c598d712c0472e2420\" name=\"chooseTerm你觉得实训难度咋样\" disabled=\"\">四星</label></div><div style=\"display: flex; align-items: center; margin-bottom: 3px;\"><label class=\"radio-inline\"><input type=\"radio\" value=\"e90fd39362454d81bc3cdbaceffb0168\" name=\"chooseTerm你觉得实训难度咋样\" disabled=\"\">三星</label></div><div style=\"display: flex; align-items: center; margin-bottom: 3px;\"><label class=\"radio-inline\"><input type=\"radio\" value=\"fa1a10f4c5094c5ca933866ba667e979\" name=\"chooseTerm你觉得实训难度咋样\" disabled=\"\">五星</label></div> </div></div>','2023-06-27 12:14:47'),('227be23887b641b78ba40b63c0eea743','283dcf241cf245aea824dc10bbb3d680','问卷标题:王方舟帅吗','14131514134','<div class=\"question\" id=\"question0 \" data-type=\"1\" data-problemindex=\"1\"><div class=\"top\"><span class=\"question-title\" id=\"questionTitle\">1、王方舟的日常(矩阵题)</span><span class=\"must-answer\" id=\"mustAnswer\"> 必答题 </span></div><div class=\"bottom\">  <table class=\"table\"> <thead><tr><th>   </th><th>0</th></tr></thead><tbody><tr><td>王方舟每天自恋的次数</td><td><input type=\"radio\" name=\"chooseTerm王方舟的日常\" disabled=\"\" checked=\"checked\"></td></tr></tbody></table></div></div><div class=\"question\" id=\"question1\" data-type=\"1\" data-problemindex=\"2\"><div class=\"top\"><span class=\"question-title\" id=\"questionTitle\">2、啊但是发射点(量表题)</span><span class=\"must-answer\" id=\"mustAnswer\"> 必答题 </span></div><div classname=\"bottom\" style=\"display: flex; align-items: center; justify-content: space-between;\"> <label classname=\"radio-inline\" style=\"padding-left:150px;\">    <input type=\"radio\" name=\"fraction啊但是发射点\" disabled=\"\" checked=\"checked\">  100  </label></div></div><div class=\"question\" id=\"question2\" data-type=\"1\" data-problemindex=\"3\"><div class=\"top\"><span class=\"question-title\" id=\"questionTitle\">3、吾与徐公孰美(单选题)</span><span class=\"must-answer\" id=\"mustAnswer\"> 必答题 </span></div><div class=\"bottom\"><div style=\"display: flex; align-items: center; margin-bottom: 3px;\"><label class=\"radio-inline\"><input type=\"radio\" value=\"${item.id}\" name=\"chooseTerm吾与徐公孰美\" disabled=\"\">徐公</label></div><div style=\"display: flex; align-items: center; margin-bottom: 3px;\"><label class=\"radio-inline\"><input type=\"radio\" value=\"${item.id}\" name=\"chooseTerm吾与徐公孰美\" disabled=\"\" checked=\"checked\">王方舟</label></div> </div></div><div class=\"question\" id=\"question3\" data-type=\"1\" data-problemindex=\"4\"><div class=\"top\"><span class=\"question-title\" id=\"questionTitle\">4、啊的撒发生大的(多选题)</span><span class=\"must-answer\" id=\"mustAnswer\"> 必答题 </span></div><div class=\"bottom\"><div style=\"display: flex; align-items: center; margin-bottom: 3px;\"><label class=\"checkbox-inline\"><input type=\"checkbox\" value=\"${item.id}\" \"name=\"chooseTerm啊的撒发生大的\" disabled=\"\">143</label></div><div style=\"display: flex; align-items: center; margin-bottom: 3px;\"><label class=\"checkbox-inline\"><input type=\"checkbox\" value=\"${item.id}\" \"name=\"chooseTerm啊的撒发生大的\" disabled=\"\">435</label></div><div style=\"display: flex; align-items: center; margin-bottom: 3px;\"><label class=\"checkbox-inline\"><input type=\"checkbox\" value=\"${item.id}\" \"name=\"chooseTerm啊的撒发生大的\" disabled=\"\" checked=\"checked\">234</label></div><div style=\"display: flex; align-items: center; margin-bottom: 3px;\"><label class=\"checkbox-inline\"><input type=\"checkbox\" value=\"${item.id}\" \"name=\"chooseTerm啊的撒发生大的\" disabled=\"\" checked=\"checked\">erw</label></div> </div></div><div class=\"question\" id=\"question4 \" data-type=\"1\" data-problemindex=\"5\"><div class=\"top\"><span class=\"question-title\" id=\"questionTitle\">5、魔镜魔镜，谁是世界上最美丽的人？(填空题)</span><span class=\"must-answer\" id=\"mustAnswer\"> 必答题 </span></div><div class=\"bottom\"><textarea class=\"form-control魔镜魔镜，谁是世界上最美丽的人？\" placeholder=\"12312414\" rows=\"4\" style=\"width: 70%;\" disabled=\"\"></textarea></div></div>','2023-06-26 19:20:11'),('2b87ab8ce314477c85d488569d03d54e','283dcf241cf245aea824dc10bbb3d680','问卷标题:王方舟帅吗','王方舟','<div class=\"question\" id=\"question1\" data-type=\"1\" data-problemindex=\"1\"><div class=\"top\"><span class=\"question-title\" id=\"questionTitle\">1、王方舟的日常(矩阵题)</span><span class=\"must-answer\" id=\"mustAnswer\"> 必答题 </span></div><div class=\"bottom\">  <table class=\"table\"> <thead><tr><th>   </th><th>0</th></tr></thead><tbody><tr><td>王方舟每天自恋的次数</td><td><input type=\"radio\" name=\"chooseTerm王方舟的日常\" disabled=\"\" checked=\"checked\"></td></tr></tbody></table></div></div><div class=\"question\" id=\"question1\" data-type=\"1\" data-problemindex=\"2\"><div class=\"top\"><span class=\"question-title\" id=\"questionTitle\">2、啊但是发射点(量表题)</span><span class=\"must-answer\" id=\"mustAnswer\"> 必答题 </span></div><div classname=\"bottom\" style=\"display: flex; align-items: center; justify-content: space-between;\"> <label classname=\"radio-inline\" style=\"padding-left:150px;\">    <input type=\"radio\" name=\"fraction啊但是发射点\" disabled=\"\" checked=\"checked\">  100  </label></div></div><div class=\"question\" id=\"question1\" data-type=\"1\" data-problemindex=\"3\"><div class=\"top\"><span class=\"question-title\" id=\"questionTitle\">3、吾与徐公孰美(单选题)</span><span class=\"must-answer\" id=\"mustAnswer\"> 必答题 </span></div><div class=\"bottom\"><div style=\"display: flex; align-items: center; margin-bottom: 3px;\"><label class=\"radio-inline\"><input type=\"radio\" name=\"chooseTerm吾与徐公孰美\" disabled=\"\">徐公</label></div><div style=\"display: flex; align-items: center; margin-bottom: 3px;\"><label class=\"radio-inline\"><input type=\"radio\" name=\"chooseTerm吾与徐公孰美\" disabled=\"\" checked=\"checked\">王方舟</label></div> </div></div><div class=\"question\" id=\"question1\" data-type=\"1\" data-problemindex=\"4\"><div class=\"top\"><span class=\"question-title\" id=\"questionTitle\">4、啊的撒发生大的(多选题)</span><span class=\"must-answer\" id=\"mustAnswer\"> 必答题 </span></div><div class=\"bottom\"><div style=\"display: flex; align-items: center; margin-bottom: 3px;\"><label class=\"checkbox-inline\"><input type=\"checkbox\" name=\"chooseTerm啊的撒发生大的\" disabled=\"\" checked=\"checked\">143</label></div><div style=\"display: flex; align-items: center; margin-bottom: 3px;\"><label class=\"checkbox-inline\"><input type=\"checkbox\" name=\"chooseTerm啊的撒发生大的\" disabled=\"\" checked=\"checked\">435</label></div><div style=\"display: flex; align-items: center; margin-bottom: 3px;\"><label class=\"checkbox-inline\"><input type=\"checkbox\" name=\"chooseTerm啊的撒发生大的\" disabled=\"\">234</label></div><div style=\"display: flex; align-items: center; margin-bottom: 3px;\"><label class=\"checkbox-inline\"><input type=\"checkbox\" name=\"chooseTerm啊的撒发生大的\" disabled=\"\" checked=\"checked\">erw</label></div> </div></div><div class=\"question\" id=\"question1\" data-type=\"1\" data-problemindex=\"5\"><div class=\"top\"><span class=\"question-title\" id=\"questionTitle\">5、魔镜魔镜，谁是世界上最美丽的人？(填空题)</span><span class=\"must-answer\" id=\"mustAnswer\"> 必答题 </span></div><div class=\"bottom\"><textarea class=\"form-control魔镜魔镜，谁是世界上最美丽的人？\" placeholder=\"王方舟\" rows=\"4\" style=\"width: 70%;\" disabled=\"\"></textarea></div></div>','2023-06-26 10:25:23'),('351a5ee708084c448aa93189b8f0ce19','283dcf241cf245aea824dc10bbb3d680','问卷标题:王方舟帅吗','rqrqgdssga','<div class=\"question\" id=\"question0 \" data-type=\"1\" data-problemindex=\"1\"><div class=\"top\"><span class=\"question-title\" id=\"questionTitle\">1、王方舟的日常(矩阵题)</span><span class=\"must-answer\" id=\"mustAnswer\"> 必答题 </span></div><div class=\"bottom\">  <table class=\"table\"> <thead><tr><th>   </th><th>0</th></tr></thead><tbody><tr><td>王方舟每天自恋的次数</td><td><input type=\"radio\" name=\"chooseTerm王方舟的日常\" disabled=\"\" checked=\"checked\"></td></tr></tbody></table></div></div><div class=\"question\" id=\"question1\" data-type=\"1\" data-problemindex=\"2\"><div class=\"top\"><span class=\"question-title\" id=\"questionTitle\">2、啊但是发射点(量表题)</span><span class=\"must-answer\" id=\"mustAnswer\"> 必答题 </span></div><div classname=\"bottom\" style=\"display: flex; align-items: center; justify-content: space-between;\"> <label classname=\"radio-inline\" style=\"padding-left:150px;\">    <input type=\"radio\" name=\"fraction啊但是发射点\" disabled=\"\" checked=\"checked\">  100  </label></div></div><div class=\"question\" id=\"question2\" data-type=\"1\" data-problemindex=\"3\"><div class=\"top\"><span class=\"question-title\" id=\"questionTitle\">3、吾与徐公孰美(单选题)</span><span class=\"must-answer\" id=\"mustAnswer\"> 必答题 </span></div><div class=\"bottom\"><div style=\"display: flex; align-items: center; margin-bottom: 3px;\"><label class=\"radio-inline\"><input type=\"radio\" value=\"201c35c9fd314f9482d4ef186a0b2c8a\" name=\"chooseTerm吾与徐公孰美\" disabled=\"\">徐公</label></div><div style=\"display: flex; align-items: center; margin-bottom: 3px;\"><label class=\"radio-inline\"><input type=\"radio\" value=\"b843fb9de791447a9ea8fba1719dfbd2\" name=\"chooseTerm吾与徐公孰美\" disabled=\"\" checked=\"checked\">王方舟</label></div> </div></div><div class=\"question\" id=\"question3\" data-type=\"1\" data-problemindex=\"4\"><div class=\"top\"><span class=\"question-title\" id=\"questionTitle\">4、啊的撒发生大的(多选题)</span><span class=\"must-answer\" id=\"mustAnswer\"> 必答题 </span></div><div class=\"bottom\"><div style=\"display: flex; align-items: center; margin-bottom: 3px;\"><label class=\"checkbox-inline\"><input type=\"checkbox\" value=\"5ce05024fd5445a69c5d06999bd4f29d\" name=\"chooseTerm啊的撒发生大的\" disabled=\"\" checked=\"checked\">143</label></div><div style=\"display: flex; align-items: center; margin-bottom: 3px;\"><label class=\"checkbox-inline\"><input type=\"checkbox\" value=\"614fba4f16724d2e9b4514b4669eaedf\" name=\"chooseTerm啊的撒发生大的\" disabled=\"\" checked=\"checked\">435</label></div><div style=\"display: flex; align-items: center; margin-bottom: 3px;\"><label class=\"checkbox-inline\"><input type=\"checkbox\" value=\"69c96613b2334f6fb3aa16da11d0d2fa\" name=\"chooseTerm啊的撒发生大的\" disabled=\"\">234</label></div><div style=\"display: flex; align-items: center; margin-bottom: 3px;\"><label class=\"checkbox-inline\"><input type=\"checkbox\" value=\"7e99b893d2a842f1b7fa93a6da655544\" name=\"chooseTerm啊的撒发生大的\" disabled=\"\">erw</label></div> </div></div><div class=\"question\" id=\"question4 \" data-type=\"1\" data-problemindex=\"5\"><div class=\"top\"><span class=\"question-title\" id=\"questionTitle\">5、魔镜魔镜，谁是世界上最美丽的人？(填空题)</span><span class=\"must-answer\" id=\"mustAnswer\"> 必答题 </span></div><div class=\"bottom\"><textarea class=\"form-control魔镜魔镜，谁是世界上最美丽的人？\" placeholder=\"1231`31321\" rows=\"4\" style=\"width: 70%;\" disabled=\"\"></textarea></div></div>','2023-06-26 20:04:05'),('51c36c86680a420499aa20dfd32a78c1','283dcf241cf245aea824dc10bbb3d680','问卷标题:王方舟帅吗','jkhkukj','<div class=\"question\" id=\"question0 \" data-type=\"1\" data-problemindex=\"1\"><div class=\"top\"><span class=\"question-title\" id=\"questionTitle\">1、王方舟的日常(矩阵题)</span><span class=\"must-answer\" id=\"mustAnswer\"> 必答题 </span></div><div class=\"bottom\">  <table class=\"table\"> <thead><tr><th>   </th><th>0</th></tr></thead><tbody><tr><td>王方舟每天自恋的次数</td><td><input type=\"radio\" name=\"chooseTerm王方舟的日常\" disabled=\"\" checked=\"checked\"></td></tr></tbody></table></div></div><div class=\"question\" id=\"question1\" data-type=\"1\" data-problemindex=\"2\"><div class=\"top\"><span class=\"question-title\" id=\"questionTitle\">2、啊但是发射点(量表题)</span><span class=\"must-answer\" id=\"mustAnswer\"> 必答题 </span></div><div classname=\"bottom\" style=\"display: flex; align-items: center; justify-content: space-between;\"> <label classname=\"radio-inline\" style=\"padding-left:150px;\">    <input type=\"radio\" name=\"fraction啊但是发射点\" disabled=\"\" checked=\"checked\">  100  </label></div></div><div class=\"question\" id=\"question2\" data-type=\"1\" data-problemindex=\"3\"><div class=\"top\"><span class=\"question-title\" id=\"questionTitle\">3、吾与徐公孰美(单选题)</span><span class=\"must-answer\" id=\"mustAnswer\"> 必答题 </span></div><div class=\"bottom\"><div style=\"display: flex; align-items: center; margin-bottom: 3px;\"><label class=\"radio-inline\"><input type=\"radio\" value=\"201c35c9fd314f9482d4ef186a0b2c8a\" name=\"chooseTerm吾与徐公孰美\" disabled=\"\">徐公</label></div><div style=\"display: flex; align-items: center; margin-bottom: 3px;\"><label class=\"radio-inline\"><input type=\"radio\" value=\"b843fb9de791447a9ea8fba1719dfbd2\" name=\"chooseTerm吾与徐公孰美\" disabled=\"\" checked=\"checked\">王方舟</label></div> </div></div><div class=\"question\" id=\"question3\" data-type=\"1\" data-problemindex=\"4\"><div class=\"top\"><span class=\"question-title\" id=\"questionTitle\">4、啊的撒发生大的(多选题)</span><span class=\"must-answer\" id=\"mustAnswer\"> 必答题 </span></div><div class=\"bottom\"><div style=\"display: flex; align-items: center; margin-bottom: 3px;\"><label class=\"checkbox-inline\"><input type=\"checkbox\" value=\"5ce05024fd5445a69c5d06999bd4f29d\" name=\"chooseTerm啊的撒发生大的\" disabled=\"\" checked=\"checked\">143</label></div><div style=\"display: flex; align-items: center; margin-bottom: 3px;\"><label class=\"checkbox-inline\"><input type=\"checkbox\" value=\"614fba4f16724d2e9b4514b4669eaedf\" name=\"chooseTerm啊的撒发生大的\" disabled=\"\">435</label></div><div style=\"display: flex; align-items: center; margin-bottom: 3px;\"><label class=\"checkbox-inline\"><input type=\"checkbox\" value=\"69c96613b2334f6fb3aa16da11d0d2fa\" name=\"chooseTerm啊的撒发生大的\" disabled=\"\">234</label></div><div style=\"display: flex; align-items: center; margin-bottom: 3px;\"><label class=\"checkbox-inline\"><input type=\"checkbox\" value=\"7e99b893d2a842f1b7fa93a6da655544\" name=\"chooseTerm啊的撒发生大的\" disabled=\"\">erw</label></div> </div></div><div class=\"question\" id=\"question4 \" data-type=\"1\" data-problemindex=\"5\"><div class=\"top\"><span class=\"question-title\" id=\"questionTitle\">5、魔镜魔镜，谁是世界上最美丽的人？(填空题)</span><span class=\"must-answer\" id=\"mustAnswer\"> 必答题 </span></div><div class=\"bottom\"><textarea class=\"form-control魔镜魔镜，谁是世界上最美丽的人？\" placeholder=\"gjgkj\" rows=\"4\" style=\"width: 70%;\" disabled=\"\"></textarea></div></div>','2023-06-27 10:32:26'),('57ac5575b8b8402eb01ca0ac559bc058','283dcf241cf245aea824dc10bbb3d680','问卷标题:王方舟帅吗','erwr','<div class=\"question\" id=\"question0 \" data-type=\"1\" data-problemindex=\"1\"><div class=\"top\"><span class=\"question-title\" id=\"questionTitle\">1、王方舟的日常(矩阵题)</span><span class=\"must-answer\" id=\"mustAnswer\"> 必答题 </span></div><div class=\"bottom\">  <table class=\"table\"> <thead><tr><th>   </th><th>0</th></tr></thead><tbody><tr><td>王方舟每天自恋的次数</td><td><input type=\"radio\" name=\"chooseTerm王方舟的日常\" disabled=\"\" checked=\"checked\"></td></tr></tbody></table></div></div><div class=\"question\" id=\"question1\" data-type=\"1\" data-problemindex=\"2\"><div class=\"top\"><span class=\"question-title\" id=\"questionTitle\">2、啊但是发射点(量表题)</span><span class=\"must-answer\" id=\"mustAnswer\"> 必答题 </span></div><div classname=\"bottom\" style=\"display: flex; align-items: center; justify-content: space-between;\"> <label classname=\"radio-inline\" style=\"padding-left:150px;\">    <input type=\"radio\" name=\"fraction啊但是发射点\" disabled=\"\" checked=\"checked\">  100  </label></div></div><div class=\"question\" id=\"question2\" data-type=\"1\" data-problemindex=\"3\"><div class=\"top\"><span class=\"question-title\" id=\"questionTitle\">3、吾与徐公孰美(单选题)</span><span class=\"must-answer\" id=\"mustAnswer\"> 必答题 </span></div><div class=\"bottom\"><div style=\"display: flex; align-items: center; margin-bottom: 3px;\"><label class=\"radio-inline\"><input type=\"radio\" value=\"201c35c9fd314f9482d4ef186a0b2c8a\" name=\"chooseTerm吾与徐公孰美\" disabled=\"\">徐公</label></div><div style=\"display: flex; align-items: center; margin-bottom: 3px;\"><label class=\"radio-inline\"><input type=\"radio\" value=\"b843fb9de791447a9ea8fba1719dfbd2\" name=\"chooseTerm吾与徐公孰美\" disabled=\"\" checked=\"checked\">王方舟</label></div> </div></div><div class=\"question\" id=\"question3\" data-type=\"1\" data-problemindex=\"4\"><div class=\"top\"><span class=\"question-title\" id=\"questionTitle\">4、啊的撒发生大的(多选题)</span><span class=\"must-answer\" id=\"mustAnswer\"> 必答题 </span></div><div class=\"bottom\"><div style=\"display: flex; align-items: center; margin-bottom: 3px;\"><label class=\"checkbox-inline\"><input type=\"checkbox\" value=\"5ce05024fd5445a69c5d06999bd4f29d\" name=\"chooseTerm啊的撒发生大的\" disabled=\"\">143</label></div><div style=\"display: flex; align-items: center; margin-bottom: 3px;\"><label class=\"checkbox-inline\"><input type=\"checkbox\" value=\"614fba4f16724d2e9b4514b4669eaedf\" name=\"chooseTerm啊的撒发生大的\" disabled=\"\" checked=\"checked\">435</label></div><div style=\"display: flex; align-items: center; margin-bottom: 3px;\"><label class=\"checkbox-inline\"><input type=\"checkbox\" value=\"69c96613b2334f6fb3aa16da11d0d2fa\" name=\"chooseTerm啊的撒发生大的\" disabled=\"\" checked=\"checked\">234</label></div><div style=\"display: flex; align-items: center; margin-bottom: 3px;\"><label class=\"checkbox-inline\"><input type=\"checkbox\" value=\"7e99b893d2a842f1b7fa93a6da655544\" name=\"chooseTerm啊的撒发生大的\" disabled=\"\">erw</label></div> </div></div><div class=\"question\" id=\"question4 \" data-type=\"1\" data-problemindex=\"5\"><div class=\"top\"><span class=\"question-title\" id=\"questionTitle\">5、魔镜魔镜，谁是世界上最美丽的人？(填空题)</span><span class=\"must-answer\" id=\"mustAnswer\"> 必答题 </span></div><div class=\"bottom\"><textarea class=\"form-control魔镜魔镜，谁是世界上最美丽的人？\" placeholder=\"12313\" rows=\"4\" style=\"width: 70%;\" disabled=\"\"></textarea></div></div>','2023-06-26 20:01:45'),('6cd7420a9a9047f9bc73ef905b90d798','283dcf241cf245aea824dc10bbb3d680','问卷标题:王方舟帅吗','31321313','<div class=\"question\" id=\"question0 \" data-type=\"1\" data-problemindex=\"1\"><div class=\"top\"><span class=\"question-title\" id=\"questionTitle\">1、王方舟的日常(矩阵题)</span><span class=\"must-answer\" id=\"mustAnswer\"> 必答题 </span></div><div class=\"bottom\">  <table class=\"table\"> <thead><tr><th>   </th><th>0</th></tr></thead><tbody><tr><td>王方舟每天自恋的次数</td><td><input type=\"radio\" name=\"chooseTerm王方舟的日常\" disabled=\"\" checked=\"checked\"></td></tr></tbody></table></div></div><div class=\"question\" id=\"question1\" data-type=\"1\" data-problemindex=\"2\"><div class=\"top\"><span class=\"question-title\" id=\"questionTitle\">2、啊但是发射点(量表题)</span><span class=\"must-answer\" id=\"mustAnswer\"> 必答题 </span></div><div classname=\"bottom\" style=\"display: flex; align-items: center; justify-content: space-between;\"> <label classname=\"radio-inline\" style=\"padding-left:150px;\">    <input type=\"radio\" name=\"fraction啊但是发射点\" disabled=\"\" checked=\"checked\">  100  </label></div></div><div class=\"question\" id=\"question2\" data-type=\"1\" data-problemindex=\"3\"><div class=\"top\"><span class=\"question-title\" id=\"questionTitle\">3、吾与徐公孰美(单选题)</span><span class=\"must-answer\" id=\"mustAnswer\"> 必答题 </span></div><div class=\"bottom\"><div style=\"display: flex; align-items: center; margin-bottom: 3px;\"><label class=\"radio-inline\"><input type=\"radio\" value=\"201c35c9fd314f9482d4ef186a0b2c8a\" name=\"chooseTerm吾与徐公孰美\" disabled=\"\">徐公</label></div><div style=\"display: flex; align-items: center; margin-bottom: 3px;\"><label class=\"radio-inline\"><input type=\"radio\" value=\"b843fb9de791447a9ea8fba1719dfbd2\" name=\"chooseTerm吾与徐公孰美\" disabled=\"\" checked=\"checked\">王方舟</label></div> </div></div><div class=\"question\" id=\"question3\" data-type=\"1\" data-problemindex=\"4\"><div class=\"top\"><span class=\"question-title\" id=\"questionTitle\">4、啊的撒发生大的(多选题)</span><span class=\"must-answer\" id=\"mustAnswer\"> 必答题 </span></div><div class=\"bottom\"><div style=\"display: flex; align-items: center; margin-bottom: 3px;\"><label class=\"checkbox-inline\"><input type=\"checkbox\" value=\"5ce05024fd5445a69c5d06999bd4f29d\" name=\"chooseTerm啊的撒发生大的\" disabled=\"\">143</label></div><div style=\"display: flex; align-items: center; margin-bottom: 3px;\"><label class=\"checkbox-inline\"><input type=\"checkbox\" value=\"614fba4f16724d2e9b4514b4669eaedf\" name=\"chooseTerm啊的撒发生大的\" disabled=\"\" checked=\"checked\">435</label></div><div style=\"display: flex; align-items: center; margin-bottom: 3px;\"><label class=\"checkbox-inline\"><input type=\"checkbox\" value=\"69c96613b2334f6fb3aa16da11d0d2fa\" name=\"chooseTerm啊的撒发生大的\" disabled=\"\" checked=\"checked\">234</label></div><div style=\"display: flex; align-items: center; margin-bottom: 3px;\"><label class=\"checkbox-inline\"><input type=\"checkbox\" value=\"7e99b893d2a842f1b7fa93a6da655544\" name=\"chooseTerm啊的撒发生大的\" disabled=\"\" checked=\"checked\">erw</label></div> </div></div><div class=\"question\" id=\"question4 \" data-type=\"1\" data-problemindex=\"5\"><div class=\"top\"><span class=\"question-title\" id=\"questionTitle\">5、魔镜魔镜，谁是世界上最美丽的人？(填空题)</span><span class=\"must-answer\" id=\"mustAnswer\"> 必答题 </span></div><div class=\"bottom\"><textarea class=\"form-control魔镜魔镜，谁是世界上最美丽的人？\" placeholder=\"31231313\" rows=\"4\" style=\"width: 70%;\" disabled=\"\"></textarea></div></div>','2023-06-26 20:16:51'),('739b984c40784f609f15f7f4a33c185e','283dcf241cf245aea824dc10bbb3d680','问卷标题:王方舟帅吗','rwr','<div class=\"question\" id=\"question0 \" data-type=\"1\" data-problemindex=\"1\"><div class=\"top\"><span class=\"question-title\" id=\"questionTitle\">1、王方舟的日常(矩阵题)</span><span class=\"must-answer\" id=\"mustAnswer\"> 必答题 </span></div><div class=\"bottom\">  <table class=\"table\"> <thead><tr><th>   </th><th>0</th></tr></thead><tbody><tr><td>王方舟每天自恋的次数</td><td><input type=\"radio\" name=\"chooseTerm王方舟的日常\" disabled=\"\" checked=\"checked\"></td></tr></tbody></table></div></div><div class=\"question\" id=\"question1\" data-type=\"1\" data-problemindex=\"2\"><div class=\"top\"><span class=\"question-title\" id=\"questionTitle\">2、啊但是发射点(量表题)</span><span class=\"must-answer\" id=\"mustAnswer\"> 必答题 </span></div><div classname=\"bottom\" style=\"display: flex; align-items: center; justify-content: space-between;\"> <label classname=\"radio-inline\" style=\"padding-left:150px;\">    <input type=\"radio\" name=\"fraction啊但是发射点\" disabled=\"\" checked=\"checked\">  100  </label></div></div><div class=\"question\" id=\"question2\" data-type=\"1\" data-problemindex=\"3\"><div class=\"top\"><span class=\"question-title\" id=\"questionTitle\">3、吾与徐公孰美(单选题)</span><span class=\"must-answer\" id=\"mustAnswer\"> 必答题 </span></div><div class=\"bottom\"><div style=\"display: flex; align-items: center; margin-bottom: 3px;\"><label class=\"radio-inline\"><input type=\"radio\" value=\"${item.id}\" name=\"chooseTerm吾与徐公孰美\" disabled=\"\" checked=\"checked\">徐公</label></div><div style=\"display: flex; align-items: center; margin-bottom: 3px;\"><label class=\"radio-inline\"><input type=\"radio\" value=\"${item.id}\" name=\"chooseTerm吾与徐公孰美\" disabled=\"\">王方舟</label></div> </div></div><div class=\"question\" id=\"question3\" data-type=\"1\" data-problemindex=\"4\"><div class=\"top\"><span class=\"question-title\" id=\"questionTitle\">4、啊的撒发生大的(多选题)</span><span class=\"must-answer\" id=\"mustAnswer\"> 必答题 </span></div><div class=\"bottom\"><div style=\"display: flex; align-items: center; margin-bottom: 3px;\"><label class=\"checkbox-inline\"><input type=\"checkbox\" value=\"${item.id}\" \"name=\"chooseTerm啊的撒发生大的\" disabled=\"\">143</label></div><div style=\"display: flex; align-items: center; margin-bottom: 3px;\"><label class=\"checkbox-inline\"><input type=\"checkbox\" value=\"${item.id}\" \"name=\"chooseTerm啊的撒发生大的\" disabled=\"\">435</label></div><div style=\"display: flex; align-items: center; margin-bottom: 3px;\"><label class=\"checkbox-inline\"><input type=\"checkbox\" value=\"${item.id}\" \"name=\"chooseTerm啊的撒发生大的\" disabled=\"\" checked=\"checked\">234</label></div><div style=\"display: flex; align-items: center; margin-bottom: 3px;\"><label class=\"checkbox-inline\"><input type=\"checkbox\" value=\"${item.id}\" \"name=\"chooseTerm啊的撒发生大的\" disabled=\"\" checked=\"checked\">erw</label></div> </div></div><div class=\"question\" id=\"question4 \" data-type=\"1\" data-problemindex=\"5\"><div class=\"top\"><span class=\"question-title\" id=\"questionTitle\">5、魔镜魔镜，谁是世界上最美丽的人？(填空题)</span><span class=\"must-answer\" id=\"mustAnswer\"> 必答题 </span></div><div class=\"bottom\"><textarea class=\"form-control魔镜魔镜，谁是世界上最美丽的人？\" placeholder=\"3`1`31\" rows=\"4\" style=\"width: 70%;\" disabled=\"\"></textarea></div></div>','2023-06-26 19:42:00'),('8d3b3c6913fb40b29afdeb30e99003f6','283dcf241cf245aea824dc10bbb3d680','问卷标题:王方舟帅吗','匿名','<div class=\"question\" id=\"question1\" data-type=\"1\" data-problemindex=\"1\"><div class=\"top\"><span class=\"question-title\" id=\"questionTitle\">1、王方舟的日常(矩阵题)</span><span class=\"must-answer\" id=\"mustAnswer\"> 必答题 </span></div><div class=\"bottom\">  <table class=\"table\"> <thead><tr><th>   </th><th>0</th></tr></thead><tbody><tr><td>王方舟每天自恋的次数</td><td><input type=\"radio\" name=\"chooseTerm王方舟的日常\" disabled=\"\"></td></tr></tbody></table></div></div><div class=\"question\" id=\"question1\" data-type=\"1\" data-problemindex=\"2\"><div class=\"top\"><span class=\"question-title\" id=\"questionTitle\">2、啊但是发射点(量表题)</span><span class=\"must-answer\" id=\"mustAnswer\"> 必答题 </span></div><div classname=\"bottom\" style=\"display: flex; align-items: center; justify-content: space-between;\"> <label classname=\"radio-inline\" style=\"padding-left:150px;\">    <input type=\"radio\" name=\"fraction啊但是发射点\" disabled=\"\">  100  </label></div></div><div class=\"question\" id=\"question1\" data-type=\"1\" data-problemindex=\"3\"><div class=\"top\"><span class=\"question-title\" id=\"questionTitle\">3、吾与徐公孰美(单选题)</span><span class=\"must-answer\" id=\"mustAnswer\"> 必答题 </span></div><div class=\"bottom\"><div style=\"display: flex; align-items: center; margin-bottom: 3px;\"><label class=\"radio-inline\"><input type=\"radio\" name=\"chooseTerm吾与徐公孰美\" disabled=\"\">徐公</label></div><div style=\"display: flex; align-items: center; margin-bottom: 3px;\"><label class=\"radio-inline\"><input type=\"radio\" name=\"chooseTerm吾与徐公孰美\" disabled=\"\">王方舟</label></div> </div></div><div class=\"question\" id=\"question1\" data-type=\"1\" data-problemindex=\"4\"><div class=\"top\"><span class=\"question-title\" id=\"questionTitle\">4、啊的撒发生大的(多选题)</span><span class=\"must-answer\" id=\"mustAnswer\"> 必答题 </span></div><div class=\"bottom\"><div style=\"display: flex; align-items: center; margin-bottom: 3px;\"><label class=\"checkbox-inline\"><input type=\"checkbox\" name=\"chooseTerm啊的撒发生大的\" disabled=\"\">143</label></div><div style=\"display: flex; align-items: center; margin-bottom: 3px;\"><label class=\"checkbox-inline\"><input type=\"checkbox\" name=\"chooseTerm啊的撒发生大的\" disabled=\"\">435</label></div><div style=\"display: flex; align-items: center; margin-bottom: 3px;\"><label class=\"checkbox-inline\"><input type=\"checkbox\" name=\"chooseTerm啊的撒发生大的\" disabled=\"\">234</label></div><div style=\"display: flex; align-items: center; margin-bottom: 3px;\"><label class=\"checkbox-inline\"><input type=\"checkbox\" name=\"chooseTerm啊的撒发生大的\" disabled=\"\">erw</label></div> </div></div><div class=\"question\" id=\"question1\" data-type=\"1\" data-problemindex=\"5\"><div class=\"top\"><span class=\"question-title\" id=\"questionTitle\">5、魔镜魔镜，谁是世界上最美丽的人？(填空题)</span><span class=\"must-answer\" id=\"mustAnswer\"> 必答题 </span></div><div class=\"bottom\"><textarea class=\"form-control魔镜魔镜，谁是世界上最美丽的人？\" placeholder=\"\" rows=\"4\" style=\"width: 70%;\" disabled=\"\"></textarea></div></div>','2023-06-26 12:16:55'),('92394883586c490ba5bfce5af084954e','283dcf241cf245aea824dc10bbb3d680','问卷标题:王方舟帅吗','adafa','<div class=\"question\" id=\"question0 \" data-type=\"1\" data-problemindex=\"1\"><div class=\"top\"><span class=\"question-title\" id=\"questionTitle\">1、王方舟的日常(矩阵题)</span><span class=\"must-answer\" id=\"mustAnswer\"> 必答题 </span></div><div class=\"bottom\">  <table class=\"table\"> <thead><tr><th>   </th><th>0</th></tr></thead><tbody><tr><td>王方舟每天自恋的次数</td><td><input type=\"radio\" name=\"chooseTerm王方舟的日常\" disabled=\"\" checked=\"checked\"></td></tr></tbody></table></div></div><div class=\"question\" id=\"question1\" data-type=\"1\" data-problemindex=\"2\"><div class=\"top\"><span class=\"question-title\" id=\"questionTitle\">2、啊但是发射点(量表题)</span><span class=\"must-answer\" id=\"mustAnswer\"> 必答题 </span></div><div classname=\"bottom\" style=\"display: flex; align-items: center; justify-content: space-between;\"> <label classname=\"radio-inline\" style=\"padding-left:150px;\">    <input type=\"radio\" name=\"fraction啊但是发射点\" disabled=\"\" checked=\"checked\">  100  </label></div></div><div class=\"question\" id=\"question2\" data-type=\"1\" data-problemindex=\"3\"><div class=\"top\"><span class=\"question-title\" id=\"questionTitle\">3、吾与徐公孰美(单选题)</span><span class=\"must-answer\" id=\"mustAnswer\"> 必答题 </span></div><div class=\"bottom\"><div style=\"display: flex; align-items: center; margin-bottom: 3px;\"><label class=\"radio-inline\"><input type=\"radio\" value=\"201c35c9fd314f9482d4ef186a0b2c8a\" name=\"chooseTerm吾与徐公孰美\" disabled=\"\">徐公</label></div><div style=\"display: flex; align-items: center; margin-bottom: 3px;\"><label class=\"radio-inline\"><input type=\"radio\" value=\"b843fb9de791447a9ea8fba1719dfbd2\" name=\"chooseTerm吾与徐公孰美\" disabled=\"\" checked=\"checked\">王方舟</label></div> </div></div><div class=\"question\" id=\"question3\" data-type=\"1\" data-problemindex=\"4\"><div class=\"top\"><span class=\"question-title\" id=\"questionTitle\">4、啊的撒发生大的(多选题)</span><span class=\"must-answer\" id=\"mustAnswer\"> 必答题 </span></div><div class=\"bottom\"><div style=\"display: flex; align-items: center; margin-bottom: 3px;\"><label class=\"checkbox-inline\"><input type=\"checkbox\" value=\"5ce05024fd5445a69c5d06999bd4f29d\" name=\"chooseTerm啊的撒发生大的\" disabled=\"\" checked=\"checked\">143</label></div><div style=\"display: flex; align-items: center; margin-bottom: 3px;\"><label class=\"checkbox-inline\"><input type=\"checkbox\" value=\"614fba4f16724d2e9b4514b4669eaedf\" name=\"chooseTerm啊的撒发生大的\" disabled=\"\" checked=\"checked\">435</label></div><div style=\"display: flex; align-items: center; margin-bottom: 3px;\"><label class=\"checkbox-inline\"><input type=\"checkbox\" value=\"69c96613b2334f6fb3aa16da11d0d2fa\" name=\"chooseTerm啊的撒发生大的\" disabled=\"\" checked=\"checked\">234</label></div><div style=\"display: flex; align-items: center; margin-bottom: 3px;\"><label class=\"checkbox-inline\"><input type=\"checkbox\" value=\"7e99b893d2a842f1b7fa93a6da655544\" name=\"chooseTerm啊的撒发生大的\" disabled=\"\">erw</label></div> </div></div><div class=\"question\" id=\"question4 \" data-type=\"1\" data-problemindex=\"5\"><div class=\"top\"><span class=\"question-title\" id=\"questionTitle\">5、魔镜魔镜，谁是世界上最美丽的人？(填空题)</span><span class=\"must-answer\" id=\"mustAnswer\"> 必答题 </span></div><div class=\"bottom\"><textarea class=\"form-control魔镜魔镜，谁是世界上最美丽的人？\" placeholder=\"3131313\" rows=\"4\" style=\"width: 70%;\" disabled=\"\"></textarea></div></div>','2023-06-26 20:24:42'),('a1cd9c768bc745789f77b210315947da','283dcf241cf245aea824dc10bbb3d680','问卷标题:实训好难难','wfz3','<div class=\"question\" id=\"question0\" data-type=\"1\" data-problemindex=\"1\"><div class=\"top\"><span class=\"question-title\" id=\"questionTitle\">1、我要疯了，怎么自我治疗(多选题)</span><span class=\"must-answer\" id=\"mustAnswer\"> 必答题 </span></div><div class=\"bottom\"><div style=\"display: flex; align-items: center; margin-bottom: 3px;\"><label class=\"checkbox-inline\"><input type=\"checkbox\" value=\"02432854a5de48be8e5734a639906e21\" name=\"chooseTerm我要疯了，怎么自我治疗\" disabled=\"\">认真搞吧，最后一大块了</label></div><div style=\"display: flex; align-items: center; margin-bottom: 3px;\"><label class=\"checkbox-inline\"><input type=\"checkbox\" value=\"2ce9063c06534ba48f814df15fc36164\" name=\"chooseTerm我要疯了，怎么自我治疗\" disabled=\"\">开摆吧，放弃治疗</label></div><div style=\"display: flex; align-items: center; margin-bottom: 3px;\"><label class=\"checkbox-inline\"><input type=\"checkbox\" value=\"49b17621e1fa432f84201f01350b4add\" name=\"chooseTerm我要疯了，怎么自我治疗\" disabled=\"\" checked=\"checked\">要不换题吧，怨种</label></div><div style=\"display: flex; align-items: center; margin-bottom: 3px;\"><label class=\"checkbox-inline\"><input type=\"checkbox\" value=\"646cf7218b9c4cff9e0b4755bf8e7bb4\" name=\"chooseTerm我要疯了，怎么自我治疗\" disabled=\"\">呜呜呜</label></div><div style=\"display: flex; align-items: center; margin-bottom: 3px;\"><label class=\"checkbox-inline\"><input type=\"checkbox\" value=\"b881ec929b9b4aafab48a965bf27b817\" name=\"chooseTerm我要疯了，怎么自我治疗\" disabled=\"\">东大信息楼，一跃解千愁</label></div> </div></div><div class=\"question\" id=\"question1\" data-type=\"1\" data-problemindex=\"2\"><div class=\"top\"><span class=\"question-title\" id=\"questionTitle\">2、你觉得实训难度咋样(单选题)</span><span class=\"must-answer\" id=\"mustAnswer\"> 必答题 </span></div><div class=\"bottom\"><div style=\"display: flex; align-items: center; margin-bottom: 3px;\"><label class=\"radio-inline\"><input type=\"radio\" value=\"1ac0ce65ef5f4753814012794c5224ba\" name=\"chooseTerm你觉得实训难度咋样\" disabled=\"\">二星</label></div><div style=\"display: flex; align-items: center; margin-bottom: 3px;\"><label class=\"radio-inline\"><input type=\"radio\" value=\"c3051c1f82304a25823ed4065ecacf87\" name=\"chooseTerm你觉得实训难度咋样\" disabled=\"\">一星</label></div><div style=\"display: flex; align-items: center; margin-bottom: 3px;\"><label class=\"radio-inline\"><input type=\"radio\" value=\"d9df27c37b8b40c598d712c0472e2420\" name=\"chooseTerm你觉得实训难度咋样\" disabled=\"\" checked=\"checked\">四星</label></div><div style=\"display: flex; align-items: center; margin-bottom: 3px;\"><label class=\"radio-inline\"><input type=\"radio\" value=\"e90fd39362454d81bc3cdbaceffb0168\" name=\"chooseTerm你觉得实训难度咋样\" disabled=\"\">三星</label></div><div style=\"display: flex; align-items: center; margin-bottom: 3px;\"><label class=\"radio-inline\"><input type=\"radio\" value=\"fa1a10f4c5094c5ca933866ba667e979\" name=\"chooseTerm你觉得实训难度咋样\" disabled=\"\">五星</label></div> </div></div>','2023-06-27 12:15:19'),('ca70213f425443d6a65053dea44e2212','283dcf241cf245aea824dc10bbb3d680','问卷标题:王方舟帅吗','fsfaf','<div class=\"question\" id=\"question0 \" data-type=\"1\" data-problemindex=\"1\"><div class=\"top\"><span class=\"question-title\" id=\"questionTitle\">1、王方舟的日常(矩阵题)</span><span class=\"must-answer\" id=\"mustAnswer\"> 必答题 </span></div><div class=\"bottom\">  <table class=\"table\"> <thead><tr><th>   </th><th>0</th></tr></thead><tbody><tr><td>王方舟每天自恋的次数</td><td><input type=\"radio\" name=\"chooseTerm王方舟的日常\" disabled=\"\" checked=\"checked\"></td></tr></tbody></table></div></div><div class=\"question\" id=\"question1\" data-type=\"1\" data-problemindex=\"2\"><div class=\"top\"><span class=\"question-title\" id=\"questionTitle\">2、啊但是发射点(量表题)</span><span class=\"must-answer\" id=\"mustAnswer\"> 必答题 </span></div><div classname=\"bottom\" style=\"display: flex; align-items: center; justify-content: space-between;\"> <label classname=\"radio-inline\" style=\"padding-left:150px;\">    <input type=\"radio\" name=\"fraction啊但是发射点\" disabled=\"\" checked=\"checked\">  100  </label></div></div><div class=\"question\" id=\"question2\" data-type=\"1\" data-problemindex=\"3\"><div class=\"top\"><span class=\"question-title\" id=\"questionTitle\">3、吾与徐公孰美(单选题)</span><span class=\"must-answer\" id=\"mustAnswer\"> 必答题 </span></div><div class=\"bottom\"><div style=\"display: flex; align-items: center; margin-bottom: 3px;\"><label class=\"radio-inline\"><input type=\"radio\" value=\"${item.id}\" name=\"chooseTerm吾与徐公孰美\" disabled=\"\">徐公</label></div><div style=\"display: flex; align-items: center; margin-bottom: 3px;\"><label class=\"radio-inline\"><input type=\"radio\" value=\"${item.id}\" name=\"chooseTerm吾与徐公孰美\" disabled=\"\" checked=\"checked\">王方舟</label></div> </div></div><div class=\"question\" id=\"question3\" data-type=\"1\" data-problemindex=\"4\"><div class=\"top\"><span class=\"question-title\" id=\"questionTitle\">4、啊的撒发生大的(多选题)</span><span class=\"must-answer\" id=\"mustAnswer\"> 必答题 </span></div><div class=\"bottom\"><div style=\"display: flex; align-items: center; margin-bottom: 3px;\"><label class=\"checkbox-inline\"><input type=\"checkbox\" value=\"${item.id}\" \"name=\"chooseTerm啊的撒发生大的\" disabled=\"\" checked=\"checked\">143</label></div><div style=\"display: flex; align-items: center; margin-bottom: 3px;\"><label class=\"checkbox-inline\"><input type=\"checkbox\" value=\"${item.id}\" \"name=\"chooseTerm啊的撒发生大的\" disabled=\"\">435</label></div><div style=\"display: flex; align-items: center; margin-bottom: 3px;\"><label class=\"checkbox-inline\"><input type=\"checkbox\" value=\"${item.id}\" \"name=\"chooseTerm啊的撒发生大的\" disabled=\"\" checked=\"checked\">234</label></div><div style=\"display: flex; align-items: center; margin-bottom: 3px;\"><label class=\"checkbox-inline\"><input type=\"checkbox\" value=\"${item.id}\" \"name=\"chooseTerm啊的撒发生大的\" disabled=\"\">erw</label></div> </div></div><div class=\"question\" id=\"question4 \" data-type=\"1\" data-problemindex=\"5\"><div class=\"top\"><span class=\"question-title\" id=\"questionTitle\">5、魔镜魔镜，谁是世界上最美丽的人？(填空题)</span><span class=\"must-answer\" id=\"mustAnswer\"> 必答题 </span></div><div class=\"bottom\"><textarea class=\"form-control魔镜魔镜，谁是世界上最美丽的人？\" placeholder=\"qeqe\" rows=\"4\" style=\"width: 70%;\" disabled=\"\"></textarea></div></div>','2023-06-26 19:59:19'),('ca743aab003d4ec59ebfed605d7eeb3e','283dcf241cf245aea824dc10bbb3d680','问卷标题:王方舟帅吗','8080','<div class=\"question\" id=\"question0 \" data-type=\"1\" data-problemindex=\"1\"><div class=\"top\"><span class=\"question-title\" id=\"questionTitle\">1、王方舟的日常(矩阵题)</span><span class=\"must-answer\" id=\"mustAnswer\"> 必答题 </span></div><div class=\"bottom\">  <table class=\"table\"> <thead><tr><th>   </th><th>0</th></tr></thead><tbody><tr><td>王方舟每天自恋的次数</td><td><input type=\"radio\" name=\"chooseTerm王方舟的日常\" disabled=\"\" checked=\"checked\"></td></tr></tbody></table></div></div><div class=\"question\" id=\"question1\" data-type=\"1\" data-problemindex=\"2\"><div class=\"top\"><span class=\"question-title\" id=\"questionTitle\">2、啊但是发射点(量表题)</span><span class=\"must-answer\" id=\"mustAnswer\"> 必答题 </span></div><div classname=\"bottom\" style=\"display: flex; align-items: center; justify-content: space-between;\"> <label classname=\"radio-inline\" style=\"padding-left:150px;\">    <input type=\"radio\" name=\"fraction啊但是发射点\" disabled=\"\" checked=\"checked\">  100  </label></div></div><div class=\"question\" id=\"question2\" data-type=\"1\" data-problemindex=\"3\"><div class=\"top\"><span class=\"question-title\" id=\"questionTitle\">3、吾与徐公孰美(单选题)</span><span class=\"must-answer\" id=\"mustAnswer\"> 必答题 </span></div><div class=\"bottom\"><div style=\"display: flex; align-items: center; margin-bottom: 3px;\"><label class=\"radio-inline\"><input type=\"radio\" value=\"201c35c9fd314f9482d4ef186a0b2c8a\" name=\"chooseTerm吾与徐公孰美\" disabled=\"\">徐公</label></div><div style=\"display: flex; align-items: center; margin-bottom: 3px;\"><label class=\"radio-inline\"><input type=\"radio\" value=\"b843fb9de791447a9ea8fba1719dfbd2\" name=\"chooseTerm吾与徐公孰美\" disabled=\"\" checked=\"checked\">王方舟</label></div> </div></div><div class=\"question\" id=\"question3\" data-type=\"1\" data-problemindex=\"4\"><div class=\"top\"><span class=\"question-title\" id=\"questionTitle\">4、啊的撒发生大的(多选题)</span><span class=\"must-answer\" id=\"mustAnswer\"> 必答题 </span></div><div class=\"bottom\"><div style=\"display: flex; align-items: center; margin-bottom: 3px;\"><label class=\"checkbox-inline\"><input type=\"checkbox\" value=\"5ce05024fd5445a69c5d06999bd4f29d\" name=\"chooseTerm啊的撒发生大的\" disabled=\"\">143</label></div><div style=\"display: flex; align-items: center; margin-bottom: 3px;\"><label class=\"checkbox-inline\"><input type=\"checkbox\" value=\"614fba4f16724d2e9b4514b4669eaedf\" name=\"chooseTerm啊的撒发生大的\" disabled=\"\" checked=\"checked\">435</label></div><div style=\"display: flex; align-items: center; margin-bottom: 3px;\"><label class=\"checkbox-inline\"><input type=\"checkbox\" value=\"69c96613b2334f6fb3aa16da11d0d2fa\" name=\"chooseTerm啊的撒发生大的\" disabled=\"\">234</label></div><div style=\"display: flex; align-items: center; margin-bottom: 3px;\"><label class=\"checkbox-inline\"><input type=\"checkbox\" value=\"7e99b893d2a842f1b7fa93a6da655544\" name=\"chooseTerm啊的撒发生大的\" disabled=\"\">erw</label></div> </div></div><div class=\"question\" id=\"question4 \" data-type=\"1\" data-problemindex=\"5\"><div class=\"top\"><span class=\"question-title\" id=\"questionTitle\">5、魔镜魔镜，谁是世界上最美丽的人？(填空题)</span><span class=\"must-answer\" id=\"mustAnswer\"> 必答题 </span></div><div class=\"bottom\"><textarea class=\"form-control魔镜魔镜，谁是世界上最美丽的人？\" placeholder=\"hjbg\" rows=\"4\" style=\"width: 70%;\" disabled=\"\"></textarea></div></div>','2023-06-27 10:32:07'),('d4be477be8004b5e9ba8659fde21eecd','283dcf241cf245aea824dc10bbb3d680','问卷标题:实训好难难','wfz2','<div class=\"question\" id=\"question0\" data-type=\"1\" data-problemindex=\"1\"><div class=\"top\"><span class=\"question-title\" id=\"questionTitle\">1、我要疯了，怎么自我治疗(多选题)</span><span class=\"must-answer\" id=\"mustAnswer\"> 必答题 </span></div><div class=\"bottom\"><div style=\"display: flex; align-items: center; margin-bottom: 3px;\"><label class=\"checkbox-inline\"><input type=\"checkbox\" value=\"02432854a5de48be8e5734a639906e21\" name=\"chooseTerm我要疯了，怎么自我治疗\" disabled=\"\" checked=\"checked\">认真搞吧，最后一大块了</label></div><div style=\"display: flex; align-items: center; margin-bottom: 3px;\"><label class=\"checkbox-inline\"><input type=\"checkbox\" value=\"2ce9063c06534ba48f814df15fc36164\" name=\"chooseTerm我要疯了，怎么自我治疗\" disabled=\"\">开摆吧，放弃治疗</label></div><div style=\"display: flex; align-items: center; margin-bottom: 3px;\"><label class=\"checkbox-inline\"><input type=\"checkbox\" value=\"49b17621e1fa432f84201f01350b4add\" name=\"chooseTerm我要疯了，怎么自我治疗\" disabled=\"\">要不换题吧，怨种</label></div><div style=\"display: flex; align-items: center; margin-bottom: 3px;\"><label class=\"checkbox-inline\"><input type=\"checkbox\" value=\"646cf7218b9c4cff9e0b4755bf8e7bb4\" name=\"chooseTerm我要疯了，怎么自我治疗\" disabled=\"\" checked=\"checked\">呜呜呜</label></div><div style=\"display: flex; align-items: center; margin-bottom: 3px;\"><label class=\"checkbox-inline\"><input type=\"checkbox\" value=\"b881ec929b9b4aafab48a965bf27b817\" name=\"chooseTerm我要疯了，怎么自我治疗\" disabled=\"\">东大信息楼，一跃解千愁</label></div> </div></div><div class=\"question\" id=\"question1\" data-type=\"1\" data-problemindex=\"2\"><div class=\"top\"><span class=\"question-title\" id=\"questionTitle\">2、你觉得实训难度咋样(单选题)</span><span class=\"must-answer\" id=\"mustAnswer\"> 必答题 </span></div><div class=\"bottom\"><div style=\"display: flex; align-items: center; margin-bottom: 3px;\"><label class=\"radio-inline\"><input type=\"radio\" value=\"1ac0ce65ef5f4753814012794c5224ba\" name=\"chooseTerm你觉得实训难度咋样\" disabled=\"\">二星</label></div><div style=\"display: flex; align-items: center; margin-bottom: 3px;\"><label class=\"radio-inline\"><input type=\"radio\" value=\"c3051c1f82304a25823ed4065ecacf87\" name=\"chooseTerm你觉得实训难度咋样\" disabled=\"\">一星</label></div><div style=\"display: flex; align-items: center; margin-bottom: 3px;\"><label class=\"radio-inline\"><input type=\"radio\" value=\"d9df27c37b8b40c598d712c0472e2420\" name=\"chooseTerm你觉得实训难度咋样\" disabled=\"\">四星</label></div><div style=\"display: flex; align-items: center; margin-bottom: 3px;\"><label class=\"radio-inline\"><input type=\"radio\" value=\"e90fd39362454d81bc3cdbaceffb0168\" name=\"chooseTerm你觉得实训难度咋样\" disabled=\"\">三星</label></div><div style=\"display: flex; align-items: center; margin-bottom: 3px;\"><label class=\"radio-inline\"><input type=\"radio\" value=\"fa1a10f4c5094c5ca933866ba667e979\" name=\"chooseTerm你觉得实训难度咋样\" disabled=\"\" checked=\"checked\">五星</label></div> </div></div>','2023-06-27 12:15:05'),('d98f838686c843a3b31d9e46f2239b78','283dcf241cf245aea824dc10bbb3d680','问卷标题:王方舟帅吗','rqeqeq','<div class=\"question\" id=\"question0 \" data-type=\"1\" data-problemindex=\"1\"><div class=\"top\"><span class=\"question-title\" id=\"questionTitle\">1、王方舟的日常(矩阵题)</span><span class=\"must-answer\" id=\"mustAnswer\"> 必答题 </span></div><div class=\"bottom\">  <table class=\"table\"> <thead><tr><th>   </th><th>0</th></tr></thead><tbody><tr><td>王方舟每天自恋的次数</td><td><input type=\"radio\" name=\"chooseTerm王方舟的日常\" disabled=\"\" checked=\"checked\"></td></tr></tbody></table></div></div><div class=\"question\" id=\"question1\" data-type=\"1\" data-problemindex=\"2\"><div class=\"top\"><span class=\"question-title\" id=\"questionTitle\">2、啊但是发射点(量表题)</span><span class=\"must-answer\" id=\"mustAnswer\"> 必答题 </span></div><div classname=\"bottom\" style=\"display: flex; align-items: center; justify-content: space-between;\"> <label classname=\"radio-inline\" style=\"padding-left:150px;\">    <input type=\"radio\" name=\"fraction啊但是发射点\" disabled=\"\" checked=\"checked\">  100  </label></div></div><div class=\"question\" id=\"question2\" data-type=\"1\" data-problemindex=\"3\"><div class=\"top\"><span class=\"question-title\" id=\"questionTitle\">3、吾与徐公孰美(单选题)</span><span class=\"must-answer\" id=\"mustAnswer\"> 必答题 </span></div><div class=\"bottom\"><div style=\"display: flex; align-items: center; margin-bottom: 3px;\"><label class=\"radio-inline\"><input type=\"radio\" value=\"201c35c9fd314f9482d4ef186a0b2c8a\" name=\"chooseTerm吾与徐公孰美\" disabled=\"\">徐公</label></div><div style=\"display: flex; align-items: center; margin-bottom: 3px;\"><label class=\"radio-inline\"><input type=\"radio\" value=\"b843fb9de791447a9ea8fba1719dfbd2\" name=\"chooseTerm吾与徐公孰美\" disabled=\"\" checked=\"checked\">王方舟</label></div> </div></div><div class=\"question\" id=\"question3\" data-type=\"1\" data-problemindex=\"4\"><div class=\"top\"><span class=\"question-title\" id=\"questionTitle\">4、啊的撒发生大的(多选题)</span><span class=\"must-answer\" id=\"mustAnswer\"> 必答题 </span></div><div class=\"bottom\"><div style=\"display: flex; align-items: center; margin-bottom: 3px;\"><label class=\"checkbox-inline\"><input type=\"checkbox\" value=\"5ce05024fd5445a69c5d06999bd4f29d\" name=\"chooseTerm啊的撒发生大的\" disabled=\"\" checked=\"checked\">143</label></div><div style=\"display: flex; align-items: center; margin-bottom: 3px;\"><label class=\"checkbox-inline\"><input type=\"checkbox\" value=\"614fba4f16724d2e9b4514b4669eaedf\" name=\"chooseTerm啊的撒发生大的\" disabled=\"\">435</label></div><div style=\"display: flex; align-items: center; margin-bottom: 3px;\"><label class=\"checkbox-inline\"><input type=\"checkbox\" value=\"69c96613b2334f6fb3aa16da11d0d2fa\" name=\"chooseTerm啊的撒发生大的\" disabled=\"\" checked=\"checked\">234</label></div><div style=\"display: flex; align-items: center; margin-bottom: 3px;\"><label class=\"checkbox-inline\"><input type=\"checkbox\" value=\"7e99b893d2a842f1b7fa93a6da655544\" name=\"chooseTerm啊的撒发生大的\" disabled=\"\">erw</label></div> </div></div><div class=\"question\" id=\"question4 \" data-type=\"1\" data-problemindex=\"5\"><div class=\"top\"><span class=\"question-title\" id=\"questionTitle\">5、魔镜魔镜，谁是世界上最美丽的人？(填空题)</span><span class=\"must-answer\" id=\"mustAnswer\"> 必答题 </span></div><div class=\"bottom\"><textarea class=\"form-control魔镜魔镜，谁是世界上最美丽的人？\" placeholder=\"1313\" rows=\"4\" style=\"width: 70%;\" disabled=\"\"></textarea></div></div>','2023-06-26 20:03:18'),('ea787186c74847848389455e5eb2a6b2','283dcf241cf245aea824dc10bbb3d680','问卷标题:王方舟帅吗','匿名','<div class=\"question\" id=\"question0 \" data-type=\"1\" data-problemindex=\"1\"><div class=\"top\"><span class=\"question-title\" id=\"questionTitle\">1、王方舟的日常(矩阵题)</span><span class=\"must-answer\" id=\"mustAnswer\"> 必答题 </span></div><div class=\"bottom\">  <table class=\"table\"> <thead><tr><th>   </th><th>0</th></tr></thead><tbody><tr><td>王方舟每天自恋的次数</td><td><input type=\"radio\" name=\"chooseTerm王方舟的日常\" disabled=\"\" checked=\"checked\"></td></tr></tbody></table></div></div><div class=\"question\" id=\"question1\" data-type=\"1\" data-problemindex=\"2\"><div class=\"top\"><span class=\"question-title\" id=\"questionTitle\">2、啊但是发射点(量表题)</span><span class=\"must-answer\" id=\"mustAnswer\"> 必答题 </span></div><div classname=\"bottom\" style=\"display: flex; align-items: center; justify-content: space-between;\"> <label classname=\"radio-inline\" style=\"padding-left:150px;\">    <input type=\"radio\" name=\"fraction啊但是发射点\" disabled=\"\" checked=\"checked\">  100  </label></div></div><div class=\"question\" id=\"question2\" data-type=\"1\" data-problemindex=\"3\"><div class=\"top\"><span class=\"question-title\" id=\"questionTitle\">3、吾与徐公孰美(单选题)</span><span class=\"must-answer\" id=\"mustAnswer\"> 必答题 </span></div><div class=\"bottom\"><div style=\"display: flex; align-items: center; margin-bottom: 3px;\"><label class=\"radio-inline\"><input type=\"radio\" value=\"201c35c9fd314f9482d4ef186a0b2c8a\" name=\"chooseTerm吾与徐公孰美\" disabled=\"\">徐公</label></div><div style=\"display: flex; align-items: center; margin-bottom: 3px;\"><label class=\"radio-inline\"><input type=\"radio\" value=\"b843fb9de791447a9ea8fba1719dfbd2\" name=\"chooseTerm吾与徐公孰美\" disabled=\"\" checked=\"checked\">王方舟</label></div> </div></div><div class=\"question\" id=\"question3\" data-type=\"1\" data-problemindex=\"4\"><div class=\"top\"><span class=\"question-title\" id=\"questionTitle\">4、啊的撒发生大的(多选题)</span><span class=\"must-answer\" id=\"mustAnswer\"> 必答题 </span></div><div class=\"bottom\"><div style=\"display: flex; align-items: center; margin-bottom: 3px;\"><label class=\"checkbox-inline\"><input type=\"checkbox\" value=\"5ce05024fd5445a69c5d06999bd4f29d\" name=\"chooseTerm啊的撒发生大的\" disabled=\"\">143</label></div><div style=\"display: flex; align-items: center; margin-bottom: 3px;\"><label class=\"checkbox-inline\"><input type=\"checkbox\" value=\"614fba4f16724d2e9b4514b4669eaedf\" name=\"chooseTerm啊的撒发生大的\" disabled=\"\" checked=\"checked\">435</label></div><div style=\"display: flex; align-items: center; margin-bottom: 3px;\"><label class=\"checkbox-inline\"><input type=\"checkbox\" value=\"69c96613b2334f6fb3aa16da11d0d2fa\" name=\"chooseTerm啊的撒发生大的\" disabled=\"\" checked=\"checked\">234</label></div><div style=\"display: flex; align-items: center; margin-bottom: 3px;\"><label class=\"checkbox-inline\"><input type=\"checkbox\" value=\"7e99b893d2a842f1b7fa93a6da655544\" name=\"chooseTerm啊的撒发生大的\" disabled=\"\">erw</label></div> </div></div><div class=\"question\" id=\"question4 \" data-type=\"1\" data-problemindex=\"5\"><div class=\"top\"><span class=\"question-title\" id=\"questionTitle\">5、魔镜魔镜，谁是世界上最美丽的人？(填空题)</span><span class=\"must-answer\" id=\"mustAnswer\"> 必答题 </span></div><div class=\"bottom\"><textarea class=\"form-control魔镜魔镜，谁是世界上最美丽的人？\" placeholder=\"1231313\" rows=\"4\" style=\"width: 70%;\" disabled=\"\"></textarea></div></div>','2023-06-26 20:07:56'),('f0547b6c1831418ba402696695c91925','283dcf241cf245aea824dc10bbb3d680','问卷标题:王方舟帅吗','313131','<div class=\"question\" id=\"question0 \" data-type=\"1\" data-problemindex=\"1\"><div class=\"top\"><span class=\"question-title\" id=\"questionTitle\">1、王方舟的日常(矩阵题)</span><span class=\"must-answer\" id=\"mustAnswer\"> 必答题 </span></div><div class=\"bottom\">  <table class=\"table\"> <thead><tr><th>   </th><th>0</th></tr></thead><tbody><tr><td>王方舟每天自恋的次数</td><td><input type=\"radio\" name=\"chooseTerm王方舟的日常\" disabled=\"\"></td></tr></tbody></table></div></div><div class=\"question\" id=\"question1\" data-type=\"1\" data-problemindex=\"2\"><div class=\"top\"><span class=\"question-title\" id=\"questionTitle\">2、啊但是发射点(量表题)</span><span class=\"must-answer\" id=\"mustAnswer\"> 必答题 </span></div><div classname=\"bottom\" style=\"display: flex; align-items: center; justify-content: space-between;\"> <label classname=\"radio-inline\" style=\"padding-left:150px;\">    <input type=\"radio\" name=\"fraction啊但是发射点\" disabled=\"\" checked=\"checked\">  100  </label></div></div><div class=\"question\" id=\"question2\" data-type=\"1\" data-problemindex=\"3\"><div class=\"top\"><span class=\"question-title\" id=\"questionTitle\">3、吾与徐公孰美(单选题)</span><span class=\"must-answer\" id=\"mustAnswer\"> 必答题 </span></div><div class=\"bottom\"><div style=\"display: flex; align-items: center; margin-bottom: 3px;\"><label class=\"radio-inline\"><input type=\"radio\" value=\"201c35c9fd314f9482d4ef186a0b2c8a\" name=\"chooseTerm吾与徐公孰美\" disabled=\"\">徐公</label></div><div style=\"display: flex; align-items: center; margin-bottom: 3px;\"><label class=\"radio-inline\"><input type=\"radio\" value=\"b843fb9de791447a9ea8fba1719dfbd2\" name=\"chooseTerm吾与徐公孰美\" disabled=\"\" checked=\"checked\">王方舟</label></div> </div></div><div class=\"question\" id=\"question3\" data-type=\"1\" data-problemindex=\"4\"><div class=\"top\"><span class=\"question-title\" id=\"questionTitle\">4、啊的撒发生大的(多选题)</span><span class=\"must-answer\" id=\"mustAnswer\"> 必答题 </span></div><div class=\"bottom\"><div style=\"display: flex; align-items: center; margin-bottom: 3px;\"><label class=\"checkbox-inline\"><input type=\"checkbox\" value=\"5ce05024fd5445a69c5d06999bd4f29d\" name=\"chooseTerm啊的撒发生大的\" disabled=\"\" checked=\"checked\">143</label></div><div style=\"display: flex; align-items: center; margin-bottom: 3px;\"><label class=\"checkbox-inline\"><input type=\"checkbox\" value=\"614fba4f16724d2e9b4514b4669eaedf\" name=\"chooseTerm啊的撒发生大的\" disabled=\"\" checked=\"checked\">435</label></div><div style=\"display: flex; align-items: center; margin-bottom: 3px;\"><label class=\"checkbox-inline\"><input type=\"checkbox\" value=\"69c96613b2334f6fb3aa16da11d0d2fa\" name=\"chooseTerm啊的撒发生大的\" disabled=\"\" checked=\"checked\">234</label></div><div style=\"display: flex; align-items: center; margin-bottom: 3px;\"><label class=\"checkbox-inline\"><input type=\"checkbox\" value=\"7e99b893d2a842f1b7fa93a6da655544\" name=\"chooseTerm啊的撒发生大的\" disabled=\"\">erw</label></div> </div></div><div class=\"question\" id=\"question4 \" data-type=\"1\" data-problemindex=\"5\"><div class=\"top\"><span class=\"question-title\" id=\"questionTitle\">5、魔镜魔镜，谁是世界上最美丽的人？(填空题)</span><span class=\"must-answer\" id=\"mustAnswer\"> 必答题 </span></div><div class=\"bottom\"><textarea class=\"form-control魔镜魔镜，谁是世界上最美丽的人？\" placeholder=\"313131313\" rows=\"4\" style=\"width: 70%;\" disabled=\"\"></textarea></div></div>','2023-06-26 20:14:21'),('f1b9efc5cb304be79d4c7a7946c58b2f','283dcf241cf245aea824dc10bbb3d680','问卷标题:王方舟帅吗','2`2`2`','<div class=\"question\" id=\"question0 \" data-type=\"1\" data-problemindex=\"1\"><div class=\"top\"><span class=\"question-title\" id=\"questionTitle\">1、王方舟的日常(矩阵题)</span><span class=\"must-answer\" id=\"mustAnswer\"> 必答题 </span></div><div class=\"bottom\">  <table class=\"table\"> <thead><tr><th>   </th><th>0</th></tr></thead><tbody><tr><td>王方舟每天自恋的次数</td><td><input type=\"radio\" name=\"chooseTerm王方舟的日常\" disabled=\"\" checked=\"checked\"></td></tr></tbody></table></div></div><div class=\"question\" id=\"question1\" data-type=\"1\" data-problemindex=\"2\"><div class=\"top\"><span class=\"question-title\" id=\"questionTitle\">2、啊但是发射点(量表题)</span><span class=\"must-answer\" id=\"mustAnswer\"> 必答题 </span></div><div classname=\"bottom\" style=\"display: flex; align-items: center; justify-content: space-between;\"> <label classname=\"radio-inline\" style=\"padding-left:150px;\">    <input type=\"radio\" name=\"fraction啊但是发射点\" disabled=\"\" checked=\"checked\">  100  </label></div></div><div class=\"question\" id=\"question2\" data-type=\"1\" data-problemindex=\"3\"><div class=\"top\"><span class=\"question-title\" id=\"questionTitle\">3、吾与徐公孰美(单选题)</span><span class=\"must-answer\" id=\"mustAnswer\"> 必答题 </span></div><div class=\"bottom\"><div style=\"display: flex; align-items: center; margin-bottom: 3px;\"><label class=\"radio-inline\"><input type=\"radio\" value=\"201c35c9fd314f9482d4ef186a0b2c8a\" name=\"chooseTerm吾与徐公孰美\" disabled=\"\">徐公</label></div><div style=\"display: flex; align-items: center; margin-bottom: 3px;\"><label class=\"radio-inline\"><input type=\"radio\" value=\"b843fb9de791447a9ea8fba1719dfbd2\" name=\"chooseTerm吾与徐公孰美\" disabled=\"\" checked=\"checked\">王方舟</label></div> </div></div><div class=\"question\" id=\"question3\" data-type=\"1\" data-problemindex=\"4\"><div class=\"top\"><span class=\"question-title\" id=\"questionTitle\">4、啊的撒发生大的(多选题)</span><span class=\"must-answer\" id=\"mustAnswer\"> 必答题 </span></div><div class=\"bottom\"><div style=\"display: flex; align-items: center; margin-bottom: 3px;\"><label class=\"checkbox-inline\"><input type=\"checkbox\" value=\"5ce05024fd5445a69c5d06999bd4f29d\" name=\"chooseTerm啊的撒发生大的\" disabled=\"\">143</label></div><div style=\"display: flex; align-items: center; margin-bottom: 3px;\"><label class=\"checkbox-inline\"><input type=\"checkbox\" value=\"614fba4f16724d2e9b4514b4669eaedf\" name=\"chooseTerm啊的撒发生大的\" disabled=\"\" checked=\"checked\">435</label></div><div style=\"display: flex; align-items: center; margin-bottom: 3px;\"><label class=\"checkbox-inline\"><input type=\"checkbox\" value=\"69c96613b2334f6fb3aa16da11d0d2fa\" name=\"chooseTerm啊的撒发生大的\" disabled=\"\" checked=\"checked\">234</label></div><div style=\"display: flex; align-items: center; margin-bottom: 3px;\"><label class=\"checkbox-inline\"><input type=\"checkbox\" value=\"7e99b893d2a842f1b7fa93a6da655544\" name=\"chooseTerm啊的撒发生大的\" disabled=\"\">erw</label></div> </div></div><div class=\"question\" id=\"question4 \" data-type=\"1\" data-problemindex=\"5\"><div class=\"top\"><span class=\"question-title\" id=\"questionTitle\">5、魔镜魔镜，谁是世界上最美丽的人？(填空题)</span><span class=\"must-answer\" id=\"mustAnswer\"> 必答题 </span></div><div class=\"bottom\"><textarea class=\"form-control魔镜魔镜，谁是世界上最美丽的人？\" placeholder=\"213`3`2\" rows=\"4\" style=\"width: 70%;\" disabled=\"\"></textarea></div></div>','2023-06-26 20:21:21'),('f6ad9c75b31b4e6bbf5ba66d54e4f097','283dcf241cf245aea824dc10bbb3d680','问卷标题:王方舟帅吗','www','<div class=\"question\" id=\"question0 \" data-type=\"1\" data-problemindex=\"1\"><div class=\"top\"><span class=\"question-title\" id=\"questionTitle\">1、王方舟的日常(矩阵题)</span><span class=\"must-answer\" id=\"mustAnswer\"> 必答题 </span></div><div class=\"bottom\">  <table class=\"table\"> <thead><tr><th>   </th><th>0</th></tr></thead><tbody><tr><td>王方舟每天自恋的次数</td><td><input type=\"radio\" name=\"chooseTerm王方舟的日常\" disabled=\"\" checked=\"checked\"></td></tr></tbody></table></div></div><div class=\"question\" id=\"question1\" data-type=\"1\" data-problemindex=\"2\"><div class=\"top\"><span class=\"question-title\" id=\"questionTitle\">2、啊但是发射点(量表题)</span><span class=\"must-answer\" id=\"mustAnswer\"> 必答题 </span></div><div classname=\"bottom\" style=\"display: flex; align-items: center; justify-content: space-between;\"> <label classname=\"radio-inline\" style=\"padding-left:150px;\">    <input type=\"radio\" name=\"fraction啊但是发射点\" disabled=\"\" checked=\"checked\">  100  </label></div></div><div class=\"question\" id=\"question2\" data-type=\"1\" data-problemindex=\"3\"><div class=\"top\"><span class=\"question-title\" id=\"questionTitle\">3、吾与徐公孰美(单选题)</span><span class=\"must-answer\" id=\"mustAnswer\"> 必答题 </span></div><div class=\"bottom\"><div style=\"display: flex; align-items: center; margin-bottom: 3px;\"><label class=\"radio-inline\"><input type=\"radio\" value=\"${item.id}\" name=\"chooseTerm吾与徐公孰美\" disabled=\"\" checked=\"checked\">徐公</label></div><div style=\"display: flex; align-items: center; margin-bottom: 3px;\"><label class=\"radio-inline\"><input type=\"radio\" value=\"${item.id}\" name=\"chooseTerm吾与徐公孰美\" disabled=\"\">王方舟</label></div> </div></div><div class=\"question\" id=\"question3\" data-type=\"1\" data-problemindex=\"4\"><div class=\"top\"><span class=\"question-title\" id=\"questionTitle\">4、啊的撒发生大的(多选题)</span><span class=\"must-answer\" id=\"mustAnswer\"> 必答题 </span></div><div class=\"bottom\"><div style=\"display: flex; align-items: center; margin-bottom: 3px;\"><label class=\"checkbox-inline\"><input type=\"checkbox\" value=\"${item.id}\" \"name=\"chooseTerm啊的撒发生大的\" disabled=\"\">143</label></div><div style=\"display: flex; align-items: center; margin-bottom: 3px;\"><label class=\"checkbox-inline\"><input type=\"checkbox\" value=\"${item.id}\" \"name=\"chooseTerm啊的撒发生大的\" disabled=\"\">435</label></div><div style=\"display: flex; align-items: center; margin-bottom: 3px;\"><label class=\"checkbox-inline\"><input type=\"checkbox\" value=\"${item.id}\" \"name=\"chooseTerm啊的撒发生大的\" disabled=\"\" checked=\"checked\">234</label></div><div style=\"display: flex; align-items: center; margin-bottom: 3px;\"><label class=\"checkbox-inline\"><input type=\"checkbox\" value=\"${item.id}\" \"name=\"chooseTerm啊的撒发生大的\" disabled=\"\" checked=\"checked\">erw</label></div> </div></div><div class=\"question\" id=\"question4 \" data-type=\"1\" data-problemindex=\"5\"><div class=\"top\"><span class=\"question-title\" id=\"questionTitle\">5、魔镜魔镜，谁是世界上最美丽的人？(填空题)</span><span class=\"must-answer\" id=\"mustAnswer\"> 必答题 </span></div><div class=\"bottom\"><textarea class=\"form-control魔镜魔镜，谁是世界上最美丽的人？\" placeholder=\"31231\" rows=\"4\" style=\"width: 70%;\" disabled=\"\"></textarea></div></div>','2023-06-26 19:50:36'),('fbeeabb627104a349a9ca4a445863ae1','283dcf241cf245aea824dc10bbb3d680','问卷标题:王方舟帅吗','63twr','<div class=\"question\" id=\"question0 \" data-type=\"1\" data-problemindex=\"1\"><div class=\"top\"><span class=\"question-title\" id=\"questionTitle\">1、王方舟的日常(矩阵题)</span><span class=\"must-answer\" id=\"mustAnswer\"> 必答题 </span></div><div class=\"bottom\">  <table class=\"table\"> <thead><tr><th>   </th><th>0</th></tr></thead><tbody><tr><td>王方舟每天自恋的次数</td><td><input type=\"radio\" name=\"chooseTerm王方舟的日常\" disabled=\"\" checked=\"checked\"></td></tr></tbody></table></div></div><div class=\"question\" id=\"question1\" data-type=\"1\" data-problemindex=\"2\"><div class=\"top\"><span class=\"question-title\" id=\"questionTitle\">2、啊但是发射点(量表题)</span><span class=\"must-answer\" id=\"mustAnswer\"> 必答题 </span></div><div classname=\"bottom\" style=\"display: flex; align-items: center; justify-content: space-between;\"> <label classname=\"radio-inline\" style=\"padding-left:150px;\">    <input type=\"radio\" name=\"fraction啊但是发射点\" disabled=\"\" checked=\"checked\">  100  </label></div></div><div class=\"question\" id=\"question2\" data-type=\"1\" data-problemindex=\"3\"><div class=\"top\"><span class=\"question-title\" id=\"questionTitle\">3、吾与徐公孰美(单选题)</span><span class=\"must-answer\" id=\"mustAnswer\"> 必答题 </span></div><div class=\"bottom\"><div style=\"display: flex; align-items: center; margin-bottom: 3px;\"><label class=\"radio-inline\"><input type=\"radio\" value=\"201c35c9fd314f9482d4ef186a0b2c8a\" name=\"chooseTerm吾与徐公孰美\" disabled=\"\" checked=\"checked\">徐公</label></div><div style=\"display: flex; align-items: center; margin-bottom: 3px;\"><label class=\"radio-inline\"><input type=\"radio\" value=\"b843fb9de791447a9ea8fba1719dfbd2\" name=\"chooseTerm吾与徐公孰美\" disabled=\"\">王方舟</label></div> </div></div><div class=\"question\" id=\"question3\" data-type=\"1\" data-problemindex=\"4\"><div class=\"top\"><span class=\"question-title\" id=\"questionTitle\">4、啊的撒发生大的(多选题)</span><span class=\"must-answer\" id=\"mustAnswer\"> 必答题 </span></div><div class=\"bottom\"><div style=\"display: flex; align-items: center; margin-bottom: 3px;\"><label class=\"checkbox-inline\"><input type=\"checkbox\" value=\"5ce05024fd5445a69c5d06999bd4f29d\" name=\"chooseTerm啊的撒发生大的\" disabled=\"\">143</label></div><div style=\"display: flex; align-items: center; margin-bottom: 3px;\"><label class=\"checkbox-inline\"><input type=\"checkbox\" value=\"614fba4f16724d2e9b4514b4669eaedf\" name=\"chooseTerm啊的撒发生大的\" disabled=\"\" checked=\"checked\">435</label></div><div style=\"display: flex; align-items: center; margin-bottom: 3px;\"><label class=\"checkbox-inline\"><input type=\"checkbox\" value=\"69c96613b2334f6fb3aa16da11d0d2fa\" name=\"chooseTerm啊的撒发生大的\" disabled=\"\">234</label></div><div style=\"display: flex; align-items: center; margin-bottom: 3px;\"><label class=\"checkbox-inline\"><input type=\"checkbox\" value=\"7e99b893d2a842f1b7fa93a6da655544\" name=\"chooseTerm啊的撒发生大的\" disabled=\"\" checked=\"checked\">erw</label></div> </div></div><div class=\"question\" id=\"question4 \" data-type=\"1\" data-problemindex=\"5\"><div class=\"top\"><span class=\"question-title\" id=\"questionTitle\">5、魔镜魔镜，谁是世界上最美丽的人？(填空题)</span><span class=\"must-answer\" id=\"mustAnswer\"> 必答题 </span></div><div class=\"bottom\"><textarea class=\"form-control魔镜魔镜，谁是世界上最美丽的人？\" placeholder=\"1331231\" rows=\"4\" style=\"width: 70%;\" disabled=\"\"></textarea></div></div>','2023-06-26 19:54:40');
/*!40000 ALTER TABLE `record` ENABLE KEYS */;
UNLOCK TABLES;

--
-- Table structure for table `user_info`
--

DROP TABLE IF EXISTS `user_info`;
/*!40101 SET @saved_cs_client     = @@character_set_client */;
/*!50503 SET character_set_client = utf8mb4 */;
CREATE TABLE `user_info` (
  `id` varchar(50) NOT NULL COMMENT '用户表主键',
  `username` varchar(10) DEFAULT NULL COMMENT '用户名',
  `password` varchar(10) DEFAULT NULL COMMENT '密码',
  `start_time` datetime DEFAULT NULL COMMENT '开始时间',
  `stop_time` datetime DEFAULT NULL COMMENT '截止时间（时间戳）',
  `status` varchar(2) DEFAULT NULL COMMENT '是否启用（1启用，0不启用）',
  `created_by` char(32) DEFAULT NULL COMMENT '创建人',
  `creation_date` datetime DEFAULT NULL COMMENT '创建时间',
  `last_updated_by` char(32) DEFAULT NULL COMMENT '最后修改人',
  `last_update_date` datetime DEFAULT NULL COMMENT '最后修改时间',
  PRIMARY KEY (`id`) USING BTREE
) ENGINE=InnoDB DEFAULT CHARSET=utf8 ROW_FORMAT=COMPACT;
/*!40101 SET character_set_client = @saved_cs_client */;

--
-- Dumping data for table `user_info`
--

LOCK TABLES `user_info` WRITE;
/*!40000 ALTER TABLE `user_info` DISABLE KEYS */;
INSERT INTO `user_info` VALUES ('02268d99706f4901adddd4972bf087bf','admin','123','2023-06-22 19:06:00','2024-01-01 00:01:00','1',NULL,NULL,NULL,NULL),('2ac4241685ff4566b09d6f17e6dbd9f8','wfz','2021','2023-06-22 19:06:00','2024-01-01 00:01:00','0',NULL,NULL,NULL,NULL),('41eeca10e60843d4a0bda283611dd259','wfz2','3921','2024-01-01 00:01:00','2024-01-01 00:01:00','0',NULL,NULL,NULL,NULL),('5f32021d213e4f22a65b786f1a1359a9','小金','111','2023-06-09 03:06:09','2024-01-24 13:01:50','1',NULL,NULL,NULL,NULL),('6b43b7c664584141bb84250dd55d6a5c','小方','222','2023-06-09 03:06:12','2024-01-01 00:01:11','1',NULL,NULL,NULL,NULL),('6e192fbb7c6d46d598904eeb20d7a436','小舟','555','2023-06-09 03:06:12','2024-01-04 06:01:32','1',NULL,NULL,NULL,NULL),('6e71b4e080bd46fc8c8a1d641fb9d4b7','小雪','666','2023-06-09 03:06:23','2024-01-01 00:01:42','1',NULL,NULL,NULL,NULL),('7bb44f9217cb4d01bbbbf3ea1fd6dda8','小崔','001','2023-06-15 00:06:59','2023-06-30 00:06:25','1',NULL,NULL,NULL,NULL),('b67960da65b844ce9e611db243c634cb','小王','333','2023-06-09 03:06:42','2024-01-01 00:01:25','1',NULL,NULL,NULL,NULL),('ed41f1c37c164be79f851af6ac0d049d','小龙','321','2023-06-15 00:06:30','2023-06-15 10:06:56','1',NULL,NULL,NULL,NULL),('f64b750cbe09425796d361a93c8d54e0','小刘','000','2022-12-13 13:12:38','2023-01-10 13:01:38','1',NULL,NULL,NULL,NULL);
/*!40000 ALTER TABLE `user_info` ENABLE KEYS */;
UNLOCK TABLES;
/*!40103 SET TIME_ZONE=@OLD_TIME_ZONE */;

/*!40101 SET SQL_MODE=@OLD_SQL_MODE */;
/*!40014 SET FOREIGN_KEY_CHECKS=@OLD_FOREIGN_KEY_CHECKS */;
/*!40014 SET UNIQUE_CHECKS=@OLD_UNIQUE_CHECKS */;
/*!40101 SET CHARACTER_SET_CLIENT=@OLD_CHARACTER_SET_CLIENT */;
/*!40101 SET CHARACTER_SET_RESULTS=@OLD_CHARACTER_SET_RESULTS */;
/*!40101 SET COLLATION_CONNECTION=@OLD_COLLATION_CONNECTION */;
/*!40111 SET SQL_NOTES=@OLD_SQL_NOTES */;

-- Dump completed on 2023-06-27 12:22:46
